{
  "Sumari": {
    "Insurgency": 2.617367086571668,
    "TC": 2.3273670865716642,
    "Invasion": 3.2373670865716697,
    "Seed": 1.1373670865716627,
    "skirmish": 1.1373670865716627,
    "AAS": -0.03263291342833671,
    "RAAS": 4.257367086571676
  },
  "Logar": {
    "Seed": 0.6024360983933323,
    "skirmish": 0.6024360983933323,
    "Insurgency": 1.9524360983933489,
    "RAAS": 1.472436098393332,
    "TC": 2.7324360983933342,
    "AAS": 2.5624360983933325
  },
  "Kokan": {
    "Invasion": -0.09756390160666736,
    "Insurgency": 0.0524360983933336,
    "skirmish": 0.6024360983933323,
    "RAAS": 2.4424360983933324,
    "AAS": 1.452436098393335
  },
  "Chora": {
    "RAAS": 1.0759944993142243,
    "Invasion": 0.4959944993142249,
    "skirmish": 0.2459944993142245,
    "Insurgency": 0.3259944993142241,
    "AAS": -0.6940055006857754
  },
  "Mestia": {
    "AAS": -0.4340055006857755,
    "skirmish": 0.2459944993142245,
    "Invasion": -0.6040055006857754,
    "RAAS": 0.015994499314224225,
    "TC": 0.25599449931422447
  },
  "FoolsRoad": {
    "RAAS": 1.1659944993142244,
    "Invasion": -0.4340055006857757,
    "skirmish": 0.2459944993142245,
    "Destruction": 0.6559944993142253,
    "AAS": 2.635994499314224
  },
  "Narva": {
    "RAAS": 1.9432047167597124,
    "AAS": -0.2567952832402953,
    "Invasion": 0.09320471675970485,
    "Destruction": -0.5267952832402951,
    "skirmish": 0.05320471675970484,
    "TA": 0.05320471675970484,
    "TC": 0.06320471675970482
  },
  "Fallujah": {
    "RAAS": 2.811979413923873,
    "Insurgency": 3.0819794139238708,
    "Invasion": 2.62197941392387,
    "Seed": 1.8619794139238706,
    "skirmish": 1.8619794139238706,
    "AAS": 5.331979413923872
  },
  "Belaya": {
    "RAAS": -0.8840055006857752,
    "AAS": 2.4359944993142255,
    "Invasion": -0.4340055006857757,
    "skirmish": 0.2459944993142245
  },
  "Anvil": {
    "RAAS": -0.39400550068577567,
    "skirmish": 0.2459944993142245,
    "Invasion": -0.024005500685775755,
    "AAS": 2.1159944993142243
  },
  "Mutaha": {
    "RAAS": 4.451979413923869,
    "AAS": 4.441979413923869,
    "TC": 2.771979413923871,
    "Invasion": 3.091979413923873,
    "skirmish": 1.8619794139238706
  },
  "Kamdesh": {
    "RAAS": 0.9132047167597048,
    "Invasion": 0.0432047167597048,
    "AAS": -0.1467952832402952,
    "skirmish": 0.05320471675970484,
    "Insurgency": -0.5467952832402942,
    "TC": -0.4067952832402951
  },
  "AlBasrah": {
    "Insurgency": 1.022436098393332,
    "AAS": 3.8724360983933392,
    "Invasion": 1.2624360983933354,
    "Seed": 0.6024360983933323,
    "skirmish": 0.6024360983933323,
    "TA": 0.6024360983933323,
    "RAAS": 2.422436098393332
  },
  "Kohat": {
    "RAAS": 2.2459944993142242,
    "Insurgency": -0.1440055006857692,
    "AAS": 0.24599449931422443,
    "skirmish": 0.2459944993142245,
    "Invasion": 0.2959944993142245
  },
  "Skorpo": {
    "RAAS": 4.3019794139238705,
    "skirmish": 1.8619794139238706,
    "TC": 2.7619794139238723,
    "Invasion": 4.98197941392387,
    "AAS": -0.6180205860761274
  },
  "GooseBay": {
    "RAAS": 0.7459944993142245,
    "Invasion": 0.6659944993142248,
    "AAS": 0.24599449931422443,
    "skirmish": 0.2459944993142245
  },
  "Manic": {
    "RAAS": 5.022436098393332,
    "AAS": 0.6224360983933375,
    "Invasion": 1.9724360983933484,
    "skirmish": 0.6024360983933323,
    "TC": 2.0724360983933323
  },
  "LashkarValley": {
    "RAAS": 0.8932047167597048,
    "Invasion": -0.3667952832402951,
    "skirmish": 0.05320471675970484,
    "TC": -0.09679528324029515,
    "AAS": -0.7867952832402949,
    "Insurgency": 0.033204716759704794
  },
  "Gorodok": {
    "RAAS": -0.4326329134283369,
    "AAS": 0.5773670865716634,
    "Insurgency": 2.237367086571667,
    "Invasion": -0.08263291342833676,
    "skirmish": 1.1373670865716627,
    "Destruction": 2.1973670865716644
  },
  "BlackCoast": {
    "RAAS": 3.331979413923877,
    "Invasion": 3.2819794139238727,
    "AAS": 11.631979413923872,
    "Seed": 1.8619794139238706,
    "skirmish": 1.8619794139238706
  },
  "Tallil": {
    "RAAS": -0.5867952832402952,
    "Invasion": -0.9467952832402952,
    "Seed": 0.05320471675970484,
    "skirmish": 0.05320471675970484,
    "TA": 0.05320471675970484,
    "TC": -0.42679528324029514,
    "tanks": 0.05320471675970484,
    "AAS": 1.2932047167597047
  },
  "Yehorivka": {
    "RAAS": 4.627367086571667,
    "AAS": 2.2873670865716633,
    "TC": 1.1373670865716627,
    "Destruction": 1.687367086571666,
    "Invasion": 0.777367086571666,
    "skirmish": 1.1373670865716627,
    "TA": 1.1373670865716627
  }
}