{
  "Sumari": 0.05970044691367968,
  "Logar": 0.140492726427346,
  "Kokan": 0,
  "Chora": 0,
  "Mestia": 0.06584693214613309,
  "FoolsRoad": 0,
  "Narva": 0.11868193037882394,
  "Fallujah": 0,
  "Belaya": 0,
  "Anvil": 0,
  "Mutaha": 0.14334360195386958,
  "Kamdesh": 0.018621773236705164,
  "AlBasrah": 0,
  "Kohat": 0,
  "Skorpo": 0.11144220730163137,
  "GooseBay": 0,
  "Manic": 0.0700878039735172,
  "LashkarValley": 0.09726365062481745,
  "Gorodok": 0,
  "BlackCoast": 0,
  "Tallil": 0.08009639621323773,
  "Yehorivka": 0.09442253083023902
}