{
  "Sumari": 0.06819736128509449,
  "Logar": 0,
  "Kokan": 0.04141271565995226,
  "Chora": 0.0855677571680748,
  "Mestia": 0.02379998284777513,
  "FoolsRoad": 0.01988138454178863,
  "Narva": 0.0811361272386582,
  "Fallujah": 0.041292555238081396,
  "Belaya": 0.02428747303195912,
  "Anvil": 0.05811275584983224,
  "Mutaha": 0.055809855419407764,
  "Kamdesh": 0.061935704939492374,
  "AlBasrah": 0.07340886070464772,
  "Kohat": 0.0637040684215006,
  "Skorpo": 0.037210881101167485,
  "GooseBay": 0.08304673657419574,
  "Manic": 0.07082529217177672,
  "LashkarValley": 0.0529394362092881,
  "Gorodok": 0.021706645409180103,
  "BlackCoast": 0.0013504124329519597,
  "Tallil": 0.018980318868354124,
  "Yehorivka": 0.015393674886821125
}