{
  "Sumari": 0.04298863033065049,
  "Logar": 0.09956403778820333,
  "Kokan": 0.1191774146284859,
  "Chora": 0.14847437012200027,
  "Mestia": 0,
  "FoolsRoad": 0,
  "Narva": 0,
  "Fallujah": 0.03589031018993709,
  "Belaya": 0,
  "Anvil": 0,
  "Mutaha": 0,
  "Kamdesh": 0.035697077049157,
  "AlBasrah": 0.11246957554914719,
  "Kohat": 0.10088431801961202,
  "Skorpo": 0,
  "GooseBay": 0,
  "Manic": 0,
  "LashkarValley": 0.13330370532968092,
  "Gorodok": 0.17155056099312568,
  "BlackCoast": 0,
  "Tallil": 0,
  "Yehorivka": 0
}