{
  "Sumari": 0.002670528170738349,
  "Logar": 0.06916241820274234,
  "Kokan": 0.05903213173811283,
  "Chora": 0.009625561907464601,
  "Mestia": 0.013163422708247238,
  "FoolsRoad": 0.0948408344383757,
  "Narva": 0.028780642670422272,
  "Fallujah": 0.03302979915108329,
  "Belaya": 0.09686525040971869,
  "Anvil": 0.0869222218549313,
  "Mutaha": 0.042087382472157285,
  "Kamdesh": 0.03271042113539242,
  "AlBasrah": 0.07579885088528696,
  "Kohat": 0.037305825181626034,
  "Skorpo": 0.0013471594409719561,
  "GooseBay": 0.02917782171578978,
  "Manic": 0.02867625760353562,
  "LashkarValley": 0.010376525092368334,
  "Gorodok": 0.017400459745775372,
  "BlackCoast": 0.09954829308970296,
  "Tallil": 0.08525074119965972,
  "Yehorivka": 0.04622745118589707
}