{
  "Sumari": 0.05949778984218662,
  "Logar": 0.050174997747318956,
  "Kokan": 0.08045936699617588,
  "Chora": 0.06316879961438686,
  "Mestia": 0.031056975002912095,
  "FoolsRoad": 0.06354353259914912,
  "Narva": 0.09759795970017117,
  "Fallujah": 0.0030265510551930343,
  "Belaya": 0.0058101663993455795,
  "Anvil": 0.014440447230929715,
  "Mutaha": 0.027291764553620666,
  "Kamdesh": 0.06003514333022008,
  "AlBasrah": 0.042462313163158065,
  "Kohat": 0.08579658905971646,
  "Skorpo": 0.0024557199027840115,
  "GooseBay": 0.038036211552663284,
  "Manic": 0.10015352977467669,
  "LashkarValley": 0.06656248126935373,
  "Gorodok": 0.0026603761123806095,
  "BlackCoast": 0.033944488733797164,
  "Tallil": 0.0205819010867111,
  "Yehorivka": 0.051242895273149
}