{
  "Sumari": 0.2545412829405603,
  "Logar": 0,
  "Kokan": 0,
  "Chora": 0,
  "Mestia": 0,
  "FoolsRoad": 0.04047457131488234,
  "Narva": 0.09406355960099229,
  "Fallujah": 0,
  "Belaya": 0,
  "Anvil": 0,
  "Mutaha": 0,
  "Kamdesh": 0,
  "AlBasrah": 0,
  "Kohat": 0,
  "Skorpo": 0,
  "GooseBay": 0,
  "Manic": 0,
  "LashkarValley": 0,
  "Gorodok": 0.31022989983581045,
  "BlackCoast": 0,
  "Tallil": 0,
  "Yehorivka": 0.30069068630775464
}