{
  "Sumari": {
    "Insurgency": 1.137367086571663,
    "TC": 1.6073670865716627,
    "Invasion": 1.4373670865716628,
    "Seed": 1.1373670865716627,
    "skirmish": 1.1373670865716627,
    "AAS": 0.9873670865716629,
    "RAAS": 1.307367086571663
  },
  "Logar": {
    "Seed": 0.6024360983933323,
    "skirmish": 0.6024360983933323,
    "Insurgency": 0.7524360983933324,
    "RAAS": 1.1424360983933322,
    "TC": 0.6024360983933323,
    "AAS": 0.5924360983933323
  },
  "Kokan": {
    "Invasion": 0.7424360983933324,
    "Insurgency": 0.6024360983933323,
    "skirmish": 0.6024360983933323,
    "RAAS": 0.49243609839333236,
    "AAS": 0.3224360983933323
  },
  "Chora": {
    "RAAS": 0.11599449931422445,
    "Invasion": 0.09599449931422449,
    "skirmish": 0.2459944993142245,
    "Insurgency": 0.09599449931422449,
    "AAS": 0.11599449931422445
  },
  "Mestia": {
    "AAS": 0.09599449931422449,
    "skirmish": 0.2459944993142245,
    "Invasion": 0.24599449931422446,
    "RAAS": 0.9059944993142245,
    "TC": 0.24599449931422446
  },
  "FoolsRoad": {
    "RAAS": -0.9840055006857755,
    "Invasion": 0.24599449931422446,
    "skirmish": 0.2459944993142245,
    "Destruction": 0.7059944993142245,
    "AAS": 0.24599449931422446
  },
  "Narva": {
    "RAAS": -0.24679528324029515,
    "AAS": -0.09679528324029513,
    "Invasion": -0.09679528324029513,
    "Destruction": -0.06679528324029516,
    "skirmish": 0.05320471675970484,
    "TA": 0.05320471675970484,
    "TC": 0.2032047167597048
  },
  "Fallujah": {
    "RAAS": 2.2619794139238705,
    "Insurgency": 2.3119794139238703,
    "Invasion": 2.0119794139238705,
    "Seed": 1.8619794139238706,
    "skirmish": 1.8619794139238706,
    "AAS": 2.1319794139238706
  },
  "Belaya": {
    "RAAS": 1.3659944993142243,
    "AAS": 0.10599449931422444,
    "Invasion": 0.09599449931422449,
    "skirmish": 0.2459944993142245
  },
  "Anvil": {
    "RAAS": 0.6959944993142245,
    "skirmish": 0.2459944993142245,
    "Invasion": 0.36599449931422445,
    "AAS": 0.11599449931422445
  },
  "Mutaha": {
    "RAAS": 2.3019794139238705,
    "AAS": 2.0119794139238705,
    "TC": 1.8619794139238715,
    "Invasion": 1.8619794139238715,
    "skirmish": 1.8619794139238706
  },
  "Kamdesh": {
    "RAAS": -0.08679528324029512,
    "Invasion": 0.05320471675970484,
    "AAS": -0.08679528324029512,
    "skirmish": 0.05320471675970484,
    "Insurgency": 0.05320471675970484,
    "TC": 0.16320471675970483
  },
  "AlBasrah": {
    "Insurgency": 0.9024360983933323,
    "AAS": 0.6024360983933323,
    "Invasion": 0.8624360983933322,
    "Seed": 0.6024360983933323,
    "skirmish": 0.6024360983933323,
    "TA": 0.6024360983933323,
    "RAAS": 0.7324360983933323
  },
  "Kohat": {
    "RAAS": -0.8640055006857755,
    "Insurgency": 0.24599449931422446,
    "AAS": 0.24599449931422446,
    "skirmish": 0.2459944993142245,
    "Invasion": 0.11599449931422451
  },
  "Skorpo": {
    "RAAS": 1.711979413923871,
    "skirmish": 1.8619794139238706,
    "TC": 1.8619794139238715,
    "Invasion": 1.8619794139238715,
    "AAS": 1.9919794139238727
  },
  "GooseBay": {
    "RAAS": -0.03400550068577546,
    "Invasion": 0.24599449931422446,
    "AAS": 0.24599449931422446,
    "skirmish": 0.2459944993142245
  },
  "Manic": {
    "RAAS": 1.292436098393332,
    "AAS": 0.6024360983933323,
    "Invasion": 0.47243609839333234,
    "skirmish": 0.6024360983933323,
    "TC": 0.6024360983933323
  },
  "LashkarValley": {
    "RAAS": -0.3667952832402951,
    "Invasion": -0.0667952832402951,
    "skirmish": 0.05320471675970484,
    "TC": -0.09679528324029513,
    "AAS": -0.08679528324029512,
    "Insurgency": 0.05320471675970484
  },
  "Gorodok": {
    "RAAS": 1.1273670865716632,
    "AAS": 1.2673670865716629,
    "Insurgency": 1.137367086571663,
    "Invasion": 1.137367086571663,
    "skirmish": 1.1373670865716627,
    "Destruction": 1.157367086571663
  },
  "BlackCoast": {
    "RAAS": 1.861979413923872,
    "Invasion": 2.011979413923871,
    "AAS": 1.861979413923872,
    "Seed": 1.8619794139238706,
    "skirmish": 1.8619794139238706
  },
  "Tallil": {
    "RAAS": -0.08679528324029512,
    "Invasion": 0.05320471675970484,
    "Seed": 0.05320471675970484,
    "skirmish": 0.05320471675970484,
    "TA": 0.05320471675970484,
    "TC": 0.05320471675970484,
    "tanks": 0.05320471675970484,
    "AAS": -0.21679528324029507
  },
  "Yehorivka": {
    "RAAS": 1.2673670865716629,
    "AAS": 1.137367086571663,
    "TC": 1.2873670865716629,
    "Destruction": 1.4973670865716628,
    "Invasion": 1.0173670865716633,
    "skirmish": 1.1373670865716627,
    "TA": 1.1373670865716627
  }
}