{
  "Sumari": 0.09891376423552439,
  "Logar": 0.1415672747248041,
  "Kokan": 0.0658619832607247,
  "Chora": 0.010160211637279247,
  "Mestia": 0,
  "FoolsRoad": 0,
  "Narva": 0,
  "Fallujah": 0.05767484757256888,
  "Belaya": 0,
  "Anvil": 0,
  "Mutaha": 0,
  "Kamdesh": 0.21641222092128687,
  "AlBasrah": 0.0797966725437861,
  "Kohat": 0.14076211898284205,
  "Skorpo": 0,
  "GooseBay": 0,
  "Manic": 0,
  "LashkarValley": 0.09409609371256365,
  "Gorodok": 0.09475481240861995,
  "BlackCoast": 0,
  "Tallil": 0,
  "Yehorivka": 0
}