{
  "Sumari": 0.06826120507876067,
  "Logar": 0,
  "Kokan": 0.05765226015487419,
  "Chora": 0.0041188447726974615,
  "Mestia": 0.05282984021740521,
  "FoolsRoad": 0.04803426577752691,
  "Narva": 0.05420063406775366,
  "Fallujah": 0.038477821801228,
  "Belaya": 0.0683580167331676,
  "Anvil": 0.07457235495972567,
  "Mutaha": 0.0018585202098436561,
  "Kamdesh": 0.08249289722697181,
  "AlBasrah": 0.07219676368484912,
  "Kohat": 0.0008927898146585163,
  "Skorpo": 0.03407845058438349,
  "GooseBay": 0.03874887174173745,
  "Manic": 0.0698000151274218,
  "LashkarValley": 0.0027445044923851488,
  "Gorodok": 0.04948023786494968,
  "BlackCoast": 0.10007177943786169,
  "Tallil": 0.06742209502362934,
  "Yehorivka": 0.013707831228168828
}