{
  "Sumari": 0.16960170071114408,
  "Logar": 0.02284873662727697,
  "Kokan": 0,
  "Chora": 0,
  "Mestia": 0.0939502806878938,
  "FoolsRoad": 0,
  "Narva": 0.08115709040381358,
  "Fallujah": 0,
  "Belaya": 0,
  "Anvil": 0,
  "Mutaha": 0.17205098397270827,
  "Kamdesh": 0.1290615618449863,
  "AlBasrah": 0,
  "Kohat": 0,
  "Skorpo": 0.065189025606828,
  "GooseBay": 0,
  "Manic": 0.10036976966560314,
  "LashkarValley": 0.046212502330051246,
  "Gorodok": 0,
  "BlackCoast": 0,
  "Tallil": 0.0009376129313349524,
  "Yehorivka": 0.11862073521835982
}