{
  "Sumari": 0.3472525624433233,
  "Logar": 0,
  "Kokan": 0,
  "Chora": 0,
  "Mestia": 0,
  "FoolsRoad": 0.01597252881933017,
  "Narva": 0.19712812128020044,
  "Fallujah": 0,
  "Belaya": 0,
  "Anvil": 0,
  "Mutaha": 0,
  "Kamdesh": 0,
  "AlBasrah": 0,
  "Kohat": 0,
  "Skorpo": 0,
  "GooseBay": 0,
  "Manic": 0,
  "LashkarValley": 0,
  "Gorodok": 0.3497530133871298,
  "BlackCoast": 0,
  "Tallil": 0,
  "Yehorivka": 0.08989377407001622
}