{
  "Sumari": 0.014372275905371922,
  "Logar": 0.07337495041996354,
  "Kokan": 0.060820849189943856,
  "Chora": 0.047884333195357266,
  "Mestia": 0.08835648670235709,
  "FoolsRoad": 0.0006839605690910694,
  "Narva": 0.030065829023454664,
  "Fallujah": 0.03666880343922165,
  "Belaya": 0.08945424934921,
  "Anvil": 0.08355175784804254,
  "Mutaha": 0.0335070088496004,
  "Kamdesh": 0.046004654213141406,
  "AlBasrah": 0.048174923334122405,
  "Kohat": 0.005703911484914356,
  "Skorpo": 0.024813015890225703,
  "GooseBay": 0.024541771341544855,
  "Manic": 0.08953002490547722,
  "LashkarValley": 0.029339288046681556,
  "Gorodok": 0.0420591168514754,
  "BlackCoast": 0.04883448782224411,
  "Tallil": 0.049939898273413504,
  "Yehorivka": 0.03231840334514559
}