{
  "Sumari": 0.010913182544614044,
  "Logar": 0.04213998714739048,
  "Kokan": 0.01836913365365941,
  "Chora": 0.042580920020945955,
  "Mestia": 0.06595021518213437,
  "FoolsRoad": 0.021618747976617347,
  "Narva": 0.06205498506854621,
  "Fallujah": 0.07156856435495623,
  "Belaya": 0.011386718724609243,
  "Anvil": 0.033892585206611946,
  "Mutaha": 0.07549200651268186,
  "Kamdesh": 0.06969237924607882,
  "AlBasrah": 0.0349372978111131,
  "Kohat": 0.06810878023025371,
  "Skorpo": 0.03093538582155146,
  "GooseBay": 0.06107688688235297,
  "Manic": 0.0023818500621231417,
  "LashkarValley": 0.03893096741691725,
  "Gorodok": 0.03157306111844042,
  "BlackCoast": 0.07815508015761016,
  "Tallil": 0.06672588557594854,
  "Yehorivka": 0.06151537928484328
}