{
    "number_of_rotas": 1,
    "number_of_layers": 1000000,
    "seed_layer": 0,
    "use_vote_weight": true,
    "use_map_weight": true,
    "biom_spacing": 4,
    "min_biom_distance": 0.5,
    "update_layers": false,
    "mapvote_slope": 0.2,
    "mapvote_shift": 0,
    "layervote_slope": 1,
    "layervote_shift": 0,
    "mode_distribution":
    {
        "pools":
        {
            "main": 
            {
                "AAS": 0.5,
                "RAAS": 0.5
            },
            "intermediate": 
            {
                "Invasion": 1,
                "TC": 0
            },
            "rest": 
            {
                "Insurgency": 0.9,
                "Destruction": 0.1
            }
        },
        "pool_distribution": 
        {
            "main": 1,
            "intermediate": 0,
            "rest": 0
        },
        "pool_spacing": 4,
        "space_main": true
    },
    "weight_params": {
        "AAS": [
            1.0000000000000044,
            -1.9999999999999998,
            -6.900000000000002,
            1.0000000000000044,
            10.099999999999998,
            21.950000000000003,
            1
          ],
        "RAAS": [
            1.0000000000000044,
            -1.9999999999999998,
            -6.900000000000002,
            1.0000000000000044,
            10.099999999999998,
            21.950000000000003,
            1
          ],
        "Invasion": [-0.9379,0.184,15.61,0.1424,0.5999,20.22,1],
        "TC": [0,0,-3.715,0,6.059, 8.23,1],
        "Insurgency": [0,0,-18.93,0,9.207,101.6,1],
        "Destruction": [0,0,-6.315,0,6.609,14.25,1]
    },
    "save_expected_map_dist": true
}