{
    "number_of_rotas": 1,
    "number_of_layers": 1000000,
    "seed_layer": 0,
    "use_vote_weight": true,
    "use_map_weight": true,
    "biom_spacing": 4,
    "min_biom_distance": 0.5,
    "update_layers": false,
    "mapvote_slope": 0.15,
    "mapvote_shift": 0,
    "layervote_slope": 1,
    "layervote_shift": 0,
    "mode_distribution":
    {
        "pools":
        {
            "main": 
            {
                "AAS": 0.5,
                "RAAS": 0.5
            },
            "intermediate": 
            {
                "Invasion": 1,
                "TC": 0
            },
            "rest": 
            {
                "Insurgency": 0.9,
                "Destruction": 0.1
            }
        },
        "pool_distribution": 
        {
            "main": 0.65,
            "intermediate": 0.25,
            "rest": 0.1
        },
        "pool_spacing": 4,
        "space_main": true
    },
    "weight_params": {
        "AAS": [
            -0.9500000000000013,
            -1.000000000000002,
            7.3999999999999995,
            1.000000000000002,
            12.850000000000001,
            9,
            0
          ],
        "RAAS": [
            -0.9500000000000013,
            -1.000000000000002,
            7.3999999999999995,
            1.000000000000002,
            12.850000000000001,
            9,
            0
          ],
        "Invasion": [-0.9379,0.184,15.61,0.1424,0.5999,20.22,0],
        "TC": [0,0,-3.715,0,6.059, 8.23,0],
        "Insurgency": [0,0,-18.93,0,9.207,101.6,0],
        "Destruction": [0,0,-6.315,0,6.609,14.25,0]
    },
    "save_expected_map_dist": true
}