{
  "Sumari": {
    "Insurgency": 2.967367086571664,
    "TC": 2.097367086571663,
    "Invasion": 2.417367086571663,
    "Seed": 1.1373670865716627,
    "skirmish": 1.1373670865716627,
    "AAS": 4.0773670865716625,
    "RAAS": 2.6573670865716625
  },
  "Logar": {
    "Seed": 0.6024360983933323,
    "skirmish": 0.6024360983933323,
    "Insurgency": 0.3024360983933321,
    "RAAS": 2.912436098393333,
    "TC": 4.1024360983933335,
    "AAS": 2.6524360983933324
  },
  "Kokan": {
    "Invasion": 0.5824360983933323,
    "Insurgency": 0.7224360983933358,
    "skirmish": 0.6024360983933323,
    "RAAS": -0.5375639016066677,
    "AAS": 0.8624360983933321
  },
  "Chora": {
    "RAAS": -0.5540055006857754,
    "Invasion": 0.5959944993142245,
    "skirmish": 0.2459944993142245,
    "Insurgency": 0.24599449931422443,
    "AAS": 1.7659944993142322
  },
  "Mestia": {
    "AAS": 1.335994499314227,
    "skirmish": 0.2459944993142245,
    "Invasion": 1.2459944993142245,
    "RAAS": 1.2259944993142244,
    "TC": -0.7540055006857755
  },
  "FoolsRoad": {
    "RAAS": 0.27599449931422493,
    "Invasion": 0.7459944993142245,
    "skirmish": 0.2459944993142245,
    "Destruction": -0.894005500685775,
    "AAS": -0.25400550068577554
  },
  "Narva": {
    "RAAS": -0.886795283240295,
    "AAS": -0.5967952832402952,
    "Invasion": 0.553204716759705,
    "Destruction": -0.9967952832402951,
    "skirmish": 0.05320471675970484,
    "TA": 0.05320471675970484,
    "TC": 0.153204716759705
  },
  "Fallujah": {
    "RAAS": 0.6719794139238726,
    "Insurgency": 3.6619794139238717,
    "Invasion": 3.441979413923871,
    "Seed": 1.8619794139238706,
    "skirmish": 1.8619794139238706,
    "AAS": 2.2519794139238716
  },
  "Belaya": {
    "RAAS": 0.10599449931422453,
    "AAS": 1.2659944993142247,
    "Invasion": 0.7459944993142245,
    "skirmish": 0.2459944993142245
  },
  "Anvil": {
    "RAAS": -0.9640055006857753,
    "skirmish": 0.2459944993142245,
    "Invasion": 0.25599449931422447,
    "AAS": 0.23599449931422709
  },
  "Mutaha": {
    "RAAS": 4.48197941392387,
    "AAS": 6.33197941392387,
    "TC": 1.9319794139238808,
    "Invasion": 1.9919794139238822,
    "skirmish": 1.8619794139238706
  },
  "Kamdesh": {
    "RAAS": -0.5867952832402952,
    "Invasion": 0.5432047167597049,
    "AAS": -0.04679528324029511,
    "skirmish": 0.05320471675970484,
    "Insurgency": -0.8867952832402951,
    "TC": -0.936795283240295
  },
  "AlBasrah": {
    "Insurgency": 2.712436098393333,
    "AAS": 2.2624360983933327,
    "Invasion": 1.2224360983933322,
    "Seed": 0.6024360983933323,
    "skirmish": 0.6024360983933323,
    "TA": 0.6024360983933323,
    "RAAS": -0.39756390160666766
  },
  "Kohat": {
    "RAAS": -0.9340055006857757,
    "Insurgency": -0.7540055006857755,
    "AAS": -0.7540055006857755,
    "skirmish": 0.2459944993142245,
    "Invasion": -0.25400550068577554
  },
  "Skorpo": {
    "RAAS": 2.5119794139238705,
    "skirmish": 1.8619794139238706,
    "TC": 1.2919794139238752,
    "Invasion": 2.861979413923879,
    "AAS": 3.3419794139238714
  },
  "GooseBay": {
    "RAAS": 1.2759944993142247,
    "Invasion": 0.25599449931422447,
    "AAS": -0.9140055006857752,
    "skirmish": 0.2459944993142245
  },
  "Manic": {
    "RAAS": -0.9575639016066673,
    "AAS": 1.8024360983933394,
    "Invasion": -0.8775639016066676,
    "skirmish": 0.6024360983933323,
    "TC": 0.6824360983933324
  },
  "LashkarValley": {
    "RAAS": -0.08679528324029515,
    "Invasion": -0.44679528324029516,
    "skirmish": 0.05320471675970484,
    "TC": -0.06679528324029513,
    "AAS": -0.6467952832402952,
    "Insurgency": -0.44679528324029516
  },
  "Gorodok": {
    "RAAS": 3.7173670865716657,
    "AAS": 4.1473670865716645,
    "Insurgency": 1.197367086571663,
    "Invasion": 1.6273670865716676,
    "skirmish": 1.1373670865716627,
    "Destruction": 1.7673670865716686
  },
  "BlackCoast": {
    "RAAS": 3.2619794139238794,
    "Invasion": 1.861979413923887,
    "AAS": 3.441979413923873,
    "Seed": 1.8619794139238706,
    "skirmish": 1.8619794139238706
  },
  "Tallil": {
    "RAAS": -0.836795283240295,
    "Invasion": -0.9267952832402951,
    "Seed": 0.05320471675970484,
    "skirmish": 0.05320471675970484,
    "TA": 0.05320471675970484,
    "TC": -0.43679528324029515,
    "tanks": 0.05320471675970484,
    "AAS": -0.7167952832402951
  },
  "Yehorivka": {
    "RAAS": 3.94736708657167,
    "AAS": 3.9873670865716693,
    "TC": 3.6973670865716697,
    "Destruction": 1.0473670865716633,
    "Invasion": 0.637367086571663,
    "skirmish": 1.1373670865716627,
    "TA": 1.1373670865716627
  }
}