{
  "Sumari": 0.2583870425756598,
  "Logar": 0,
  "Kokan": 0,
  "Chora": 0,
  "Mestia": 0,
  "FoolsRoad": 0.28868841621060654,
  "Narva": 0.07738040824288338,
  "Fallujah": 0,
  "Belaya": 0,
  "Anvil": 0,
  "Mutaha": 0,
  "Kamdesh": 0,
  "AlBasrah": 0,
  "Kohat": 0,
  "Skorpo": 0,
  "GooseBay": 0,
  "Manic": 0,
  "LashkarValley": 0,
  "Gorodok": 0.2114342489129745,
  "BlackCoast": 0,
  "Tallil": 0,
  "Yehorivka": 0.16410988405787572
}