{
  "Sumari": 0.10194935130710038,
  "Logar": 0.14398748546957063,
  "Kokan": 0.04498009442631852,
  "Chora": 0.07149090616948586,
  "Mestia": 0,
  "FoolsRoad": 0,
  "Narva": 0,
  "Fallujah": 0.16075943276531662,
  "Belaya": 0,
  "Anvil": 0,
  "Mutaha": 0,
  "Kamdesh": 0.04010671731627356,
  "AlBasrah": 0.16827315454039518,
  "Kohat": 0.032171106690462185,
  "Skorpo": 0,
  "GooseBay": 0,
  "Manic": 0,
  "LashkarValley": 0.11477913976257768,
  "Gorodok": 0.12150261155249936,
  "BlackCoast": 0,
  "Tallil": 0,
  "Yehorivka": 0
}