{
  "Sumari": 0.003812269039454852,
  "Logar": 0,
  "Kokan": 0.05596343796515016,
  "Chora": 0.016027509316082142,
  "Mestia": 0.09632142395372041,
  "FoolsRoad": 0.0756485276399953,
  "Narva": 0.09019949449803012,
  "Fallujah": 0.06258962689233614,
  "Belaya": 0.060890789984322825,
  "Anvil": 0.013103208079605126,
  "Mutaha": 0.031221840179962955,
  "Kamdesh": 0.04726244973862029,
  "AlBasrah": 0.08826926224026253,
  "Kohat": 0.031983643877885694,
  "Skorpo": 0.08243583301337379,
  "GooseBay": 0.04874332771848483,
  "Manic": 0.015364786101391192,
  "LashkarValley": 0.025907289086272916,
  "Gorodok": 0.07507010871627603,
  "BlackCoast": 0.049299039127507084,
  "Tallil": 0.014946249233882715,
  "Yehorivka": 0.014939883597382842
}