{
  "Sumari": 0.1778132486235774,
  "Logar": 0.15304197783515816,
  "Kokan": 0,
  "Chora": 0,
  "Mestia": 0.0035557262749495036,
  "FoolsRoad": 0,
  "Narva": 0.1778455031930526,
  "Fallujah": 0,
  "Belaya": 0,
  "Anvil": 0,
  "Mutaha": 0.005105673848119791,
  "Kamdesh": 0.014004568309512928,
  "AlBasrah": 0,
  "Kohat": 0,
  "Skorpo": 0.04725949945727347,
  "GooseBay": 0,
  "Manic": 0.12439481334537568,
  "LashkarValley": 0.16736589444921013,
  "Gorodok": 0,
  "BlackCoast": 0,
  "Tallil": 0.04617399593004815,
  "Yehorivka": 0.0834390987337223
}