{
  "Sumari": 0.045036789867876306,
  "Logar": 0.07764849619521848,
  "Kokan": 0.022903553662907326,
  "Chora": 0.0811117241093934,
  "Mestia": 0.07105384133800177,
  "FoolsRoad": 0.01664083767636864,
  "Narva": 0.019862342020977048,
  "Fallujah": 0.033989673649066465,
  "Belaya": 0.06517572070869009,
  "Anvil": 0.055124387912480775,
  "Mutaha": 0.058951243309882384,
  "Kamdesh": 0.031160008703728034,
  "AlBasrah": 0.05329691312508841,
  "Kohat": 0.006364546865106153,
  "Skorpo": 0.052900448609104464,
  "GooseBay": 0.005565390813706185,
  "Manic": 0.07522765117154694,
  "LashkarValley": 0.008885947650838206,
  "Gorodok": 0.07777711660585085,
  "BlackCoast": 0.06176219106326382,
  "Tallil": 0.014970587116167179,
  "Yehorivka": 0.06459058782473684
}