{
  "Sumari": 0.05951921770834663,
  "Logar": 0.10412080655854764,
  "Kokan": 0.0015465009800230268,
  "Chora": 0.020613414607002924,
  "Mestia": 0.0881128573277164,
  "FoolsRoad": 0.049926031031634586,
  "Narva": 0.003353275282058424,
  "Fallujah": 0.010362362099766296,
  "Belaya": 0.05869317344259529,
  "Anvil": 0.0025407032201931147,
  "Mutaha": 0.056628583450029295,
  "Kamdesh": 0.010554242631812255,
  "AlBasrah": 0.0046765320211068434,
  "Kohat": 0.002543979178686772,
  "Skorpo": 0.05721764465395432,
  "GooseBay": 0.10706935611836943,
  "Manic": 0.010035090992621228,
  "LashkarValley": 0.06915186800508621,
  "Gorodok": 0.09301222506833874,
  "BlackCoast": 0.07874337330658464,
  "Tallil": 0.01740758355833531,
  "Yehorivka": 0.09417117875719054
}