{
  "Sumari": {
    "Insurgency": 2.677367086571664,
    "TC": 2.4573670865716624,
    "Invasion": 0.06736708657166376,
    "Seed": 1.1373670865716627,
    "skirmish": 1.1373670865716627,
    "AAS": 3.097367086571662,
    "RAAS": 0.3373670865716627
  },
  "Logar": {
    "Seed": 0.6024360983933323,
    "skirmish": 0.6024360983933323,
    "Insurgency": 0.772436098393332,
    "RAAS": 2.412436098393332,
    "TC": -0.6375639016066657,
    "AAS": 1.6524360983933357
  },
  "Kokan": {
    "Invasion": 0.10243609839333231,
    "Insurgency": 1.8524360983933368,
    "skirmish": 0.6024360983933323,
    "RAAS": -0.26756390160666743,
    "AAS": 0.6024360983933323
  },
  "Chora": {
    "RAAS": -0.37400550068577565,
    "Invasion": 0.14599449931422456,
    "skirmish": 0.2459944993142245,
    "Insurgency": -0.2440055006857755,
    "AAS": 0.2759944993142269
  },
  "Mestia": {
    "AAS": 1.335994499314227,
    "skirmish": 0.2459944993142245,
    "Invasion": 0.08599449931422429,
    "RAAS": -0.7540055006857755,
    "TC": 0.7559944993142245
  },
  "FoolsRoad": {
    "RAAS": -0.6140055006857754,
    "Invasion": 0.24599449931422443,
    "skirmish": 0.2459944993142245,
    "Destruction": 0.1859944993142246,
    "AAS": -0.11400550068577539
  },
  "Narva": {
    "RAAS": -0.386795283240295,
    "AAS": -0.09679528324029515,
    "Invasion": -0.8667952832402951,
    "Destruction": 0.0732047167597045,
    "skirmish": 0.05320471675970484,
    "TA": 0.05320471675970484,
    "TC": 0.153204716759705
  },
  "Fallujah": {
    "RAAS": 6.681979413923873,
    "Insurgency": 3.751979413923875,
    "Invasion": 3.891979413923879,
    "Seed": 1.8619794139238706,
    "skirmish": 1.8619794139238706,
    "AAS": 4.071979413923872
  },
  "Belaya": {
    "RAAS": 0.7959944993142243,
    "AAS": -0.7240055006857753,
    "Invasion": 0.01599449931422467,
    "skirmish": 0.2459944993142245
  },
  "Anvil": {
    "RAAS": 1.535994499314225,
    "skirmish": 0.2459944993142245,
    "Invasion": 0.7559944993142245,
    "AAS": 1.115994499314227
  },
  "Mutaha": {
    "RAAS": 4.701979413923871,
    "AAS": 5.951979413923871,
    "TC": 3.271979413923874,
    "Invasion": 0.6219794139238741,
    "skirmish": 1.8619794139238706
  },
  "Kamdesh": {
    "RAAS": -0.5867952832402952,
    "Invasion": -0.846795283240295,
    "AAS": 0.9532047167597049,
    "skirmish": 0.05320471675970484,
    "Insurgency": 1.053204716759705,
    "TC": -0.9667952832402951
  },
  "AlBasrah": {
    "Insurgency": 2.6024360983933326,
    "AAS": 2.702436098393333,
    "Invasion": 1.1824360983933322,
    "Seed": 0.6024360983933323,
    "skirmish": 0.6024360983933323,
    "TA": 0.6024360983933323,
    "RAAS": 0.5024360983933323
  },
  "Kohat": {
    "RAAS": 0.39599449931422415,
    "Insurgency": -0.6040055006857754,
    "AAS": 0.24599449931422443,
    "skirmish": 0.2459944993142245,
    "Invasion": -0.9340055006857753
  },
  "Skorpo": {
    "RAAS": 4.3519794139238694,
    "skirmish": 1.8619794139238706,
    "TC": 2.2719794139238756,
    "Invasion": 1.6719794139238862,
    "AAS": 4.871979413923873
  },
  "GooseBay": {
    "RAAS": 1.3059944993142256,
    "Invasion": 1.7259944993142287,
    "AAS": 0.7459944993142245,
    "skirmish": 0.2459944993142245
  },
  "Manic": {
    "RAAS": -0.6875639016066675,
    "AAS": -0.19756390160666745,
    "Invasion": 1.802436098393334,
    "skirmish": 0.6024360983933323,
    "TC": 1.1224360983933324
  },
  "LashkarValley": {
    "RAAS": -0.46679528324029507,
    "Invasion": -0.8867952832402951,
    "skirmish": 0.05320471675970484,
    "TC": -0.06679528324029513,
    "AAS": 1.063204716759705,
    "Insurgency": -0.44679528324029516
  },
  "Gorodok": {
    "RAAS": 2.2373670865716635,
    "AAS": 3.6573670865716625,
    "Insurgency": 5.047367086571663,
    "Invasion": 2.9273670865716657,
    "skirmish": 1.1373670865716627,
    "Destruction": 2.2273670865716637
  },
  "BlackCoast": {
    "RAAS": 3.1319794139238804,
    "Invasion": 1.861979413923887,
    "AAS": 1.4419794139238729,
    "Seed": 1.8619794139238706,
    "skirmish": 1.8619794139238706
  },
  "Tallil": {
    "RAAS": -0.886795283240295,
    "Invasion": 0.5232047167597048,
    "Seed": 0.05320471675970484,
    "skirmish": 0.05320471675970484,
    "TA": 0.05320471675970484,
    "TC": -0.9167952832402951,
    "tanks": 0.05320471675970484,
    "AAS": -0.21679528324029504
  },
  "Yehorivka": {
    "RAAS": -0.862632913428337,
    "AAS": 3.0873670865716623,
    "TC": 4.227367086571666,
    "Destruction": 1.3773670865716627,
    "Invasion": 3.417367086571663,
    "skirmish": 1.1373670865716627,
    "TA": 1.1373670865716627
  }
}