{
  "Sumari": 0.14739693795779044,
  "Logar": 0.008077204560123638,
  "Kokan": 0,
  "Chora": 0,
  "Mestia": 0.12038429029284907,
  "FoolsRoad": 0,
  "Narva": 0.12918124702681952,
  "Fallujah": 0,
  "Belaya": 0,
  "Anvil": 0,
  "Mutaha": 0.19556680334891896,
  "Kamdesh": 0.01569451116172963,
  "AlBasrah": 0,
  "Kohat": 0,
  "Skorpo": 0.006442649598449054,
  "GooseBay": 0,
  "Manic": 0.14047191583874388,
  "LashkarValley": 0.07956598793161378,
  "Gorodok": 0,
  "BlackCoast": 0,
  "Tallil": 0.017046396129391687,
  "Yehorivka": 0.1401720561535703
}