{
  "Sumari": 0.02647078435325317,
  "Logar": 0,
  "Kokan": 0.00616358416028522,
  "Chora": 0.04094281586066478,
  "Mestia": 0.05384449221303149,
  "FoolsRoad": 0.07144154400306185,
  "Narva": 0.013375477150413281,
  "Fallujah": 0.07815434487153419,
  "Belaya": 0.036061105802254946,
  "Anvil": 0.10677496123977406,
  "Mutaha": 0.021867939747579064,
  "Kamdesh": 0.012432356623593321,
  "AlBasrah": 0.055025663699591235,
  "Kohat": 0.0006532101495362536,
  "Skorpo": 0.01085477521362117,
  "GooseBay": 0.10982796676280056,
  "Manic": 0.1144701809437276,
  "LashkarValley": 0.0009319314344813079,
  "Gorodok": 0.0671027251656316,
  "BlackCoast": 0.010176570368948744,
  "Tallil": 0.09214143070916257,
  "Yehorivka": 0.0712861395270535
}