{
  "Sumari": 0.020161512747187808,
  "Logar": 0.09940037971462747,
  "Kokan": 0.025056484076469404,
  "Chora": 0.01984729411965386,
  "Mestia": 0.0003673463113739247,
  "FoolsRoad": 0.00630110785160973,
  "Narva": 0.04124377305850742,
  "Fallujah": 0.09613602807011991,
  "Belaya": 0.06772924414497138,
  "Anvil": 0.09972010754801824,
  "Mutaha": 0.03941539252747885,
  "Kamdesh": 0.025992658684076082,
  "AlBasrah": 0.03381187962231076,
  "Kohat": 0.055292240059149615,
  "Skorpo": 0.06901032570710339,
  "GooseBay": 0.09516523100696216,
  "Manic": 0.0031598930230644123,
  "LashkarValley": 0.030839723564091568,
  "Gorodok": 0.05893437067221486,
  "BlackCoast": 0.07968568635415901,
  "Tallil": 0.017888534128837494,
  "Yehorivka": 0.014840787008012788
}