{
  "Sumari": 0.23805653662611667,
  "Logar": 0,
  "Kokan": 0,
  "Chora": 0,
  "Mestia": 0,
  "FoolsRoad": 0.03879093001357166,
  "Narva": 0.20656017920579872,
  "Fallujah": 0,
  "Belaya": 0,
  "Anvil": 0,
  "Mutaha": 0,
  "Kamdesh": 0,
  "AlBasrah": 0,
  "Kohat": 0,
  "Skorpo": 0,
  "GooseBay": 0,
  "Manic": 0,
  "LashkarValley": 0,
  "Gorodok": 0.3548086561369204,
  "BlackCoast": 0,
  "Tallil": 0,
  "Yehorivka": 0.1617836980175924
}