{
  "Sumari": 0.04823569269565683,
  "Logar": 0.07712321353749872,
  "Kokan": 0.04818100715259957,
  "Chora": 0.040817909049451685,
  "Mestia": 0.08007388156316957,
  "FoolsRoad": 0.02093150836729548,
  "Narva": 0.03267706862741521,
  "Fallujah": 0.07585333582235886,
  "Belaya": 0.004329439996722169,
  "Anvil": 0.08022800828228965,
  "Mutaha": 0.048350168968265696,
  "Kamdesh": 0.07815179374585779,
  "AlBasrah": 0.04192241673450583,
  "Kohat": 0.04320123167078889,
  "Skorpo": 0.052498522688437396,
  "GooseBay": 0.049850659832962614,
  "Manic": 0.01310544774198752,
  "LashkarValley": 0.06742564921835768,
  "Gorodok": 0.03258940396450286,
  "BlackCoast": 0.015501137049370567,
  "Tallil": 0.028339415334749162,
  "Yehorivka": 0.020613087955755983
}