{
  "Sumari": 0.08060569670428502,
  "Logar": 0.1043411199338435,
  "Kokan": 0.09763725688724234,
  "Chora": 0.0419833600160591,
  "Mestia": 0,
  "FoolsRoad": 0,
  "Narva": 0,
  "Fallujah": 0.06321920118932509,
  "Belaya": 0,
  "Anvil": 0,
  "Mutaha": 0,
  "Kamdesh": 0.19763259109694015,
  "AlBasrah": 0.14806533616413128,
  "Kohat": 0.04018837005296944,
  "Skorpo": 0,
  "GooseBay": 0,
  "Manic": 0,
  "LashkarValley": 0.056113716036394416,
  "Gorodok": 0.17021335191880968,
  "BlackCoast": 0,
  "Tallil": 0,
  "Yehorivka": 0
}