{
  "Sumari": {
    "Insurgency": 3.5473670865716667,
    "TC": 4.887367086571672,
    "Invasion": 1.9973670865716888,
    "Seed": 1.1373670865716627,
    "skirmish": 1.1373670865716627,
    "AAS": 5.737367086571663,
    "RAAS": 1.3473670865716665
  },
  "Logar": {
    "Seed": 0.6024360983933323,
    "skirmish": 0.6024360983933323,
    "Insurgency": -0.647563901606667,
    "RAAS": 1.0824360983933325,
    "TC": -0.7575639016066669,
    "AAS": 0.8024360983933339
  },
  "Kokan": {
    "Invasion": -0.17756390160666788,
    "Insurgency": 0.6824360983933346,
    "skirmish": 0.6024360983933323,
    "RAAS": 1.7824360983933412,
    "AAS": 1.242436098393334
  },
  "Chora": {
    "RAAS": 0.7659944993142245,
    "Invasion": 0.035994499314224465,
    "skirmish": 0.2459944993142245,
    "Insurgency": -0.25400550068577554,
    "AAS": 0.375994499314225
  },
  "Mestia": {
    "AAS": -0.5140055006857747,
    "skirmish": 0.2459944993142245,
    "Invasion": 0.9759944993142242,
    "RAAS": 0.6259944993142246,
    "TC": 0.6459944993142244
  },
  "FoolsRoad": {
    "RAAS": -0.6640055006857757,
    "Invasion": -0.2540055006857751,
    "skirmish": 0.2459944993142245,
    "Destruction": 1.4159944993142244,
    "AAS": 0.7659944993142249
  },
  "Narva": {
    "RAAS": -0.5367952832402951,
    "AAS": -0.2167952832402946,
    "Invasion": -0.416795283240295,
    "Destruction": -0.49679528324029487,
    "skirmish": 0.05320471675970484,
    "TA": 0.05320471675970484,
    "TC": 1.0832047167597052
  },
  "Fallujah": {
    "RAAS": 9.031979413923874,
    "Insurgency": 7.591979413923871,
    "Invasion": 2.70197941392387,
    "Seed": 1.8619794139238706,
    "skirmish": 1.8619794139238706,
    "AAS": 5.5819794139238725
  },
  "Belaya": {
    "RAAS": 1.395994499314225,
    "AAS": -0.4440055006857728,
    "Invasion": 1.0959944993142239,
    "skirmish": 0.2459944993142245
  },
  "Anvil": {
    "RAAS": 2.055994499314224,
    "skirmish": 0.2459944993142245,
    "Invasion": 0.24599449931422443,
    "AAS": -0.6440055006857754
  },
  "Mutaha": {
    "RAAS": 7.93197941392388,
    "AAS": 7.551979413923872,
    "TC": 2.381979413923875,
    "Invasion": 1.861979413923903,
    "skirmish": 1.8619794139238706
  },
  "Kamdesh": {
    "RAAS": 0.07320471675970494,
    "Invasion": 0.7332047167597047,
    "AAS": 0.16320471675970458,
    "skirmish": 0.05320471675970484,
    "Insurgency": -0.7167952832402951,
    "TC": -0.2567952832402953
  },
  "AlBasrah": {
    "Insurgency": -0.13756390160666743,
    "AAS": 0.07243609839333562,
    "Invasion": 2.3624360983933315,
    "Seed": 0.6024360983933323,
    "skirmish": 0.6024360983933323,
    "TA": 0.6024360983933323,
    "RAAS": 1.9124360983933488
  },
  "Kohat": {
    "RAAS": 1.8159944993142314,
    "Insurgency": -0.5340055006857753,
    "AAS": -0.5940055006857754,
    "skirmish": 0.2459944993142245,
    "Invasion": -0.10400550068577538
  },
  "Skorpo": {
    "RAAS": 1.081979413923879,
    "skirmish": 1.8619794139238706,
    "TC": 3.961979413923879,
    "Invasion": 2.6219794139238726,
    "AAS": 3.9019794139238875
  },
  "GooseBay": {
    "RAAS": 1.3159944993142245,
    "Invasion": 1.9359944993142297,
    "AAS": -0.7840055006857727,
    "skirmish": 0.2459944993142245
  },
  "Manic": {
    "RAAS": 0.15243609839333236,
    "AAS": 3.002436098393334,
    "Invasion": 0.512436098393336,
    "skirmish": 0.6024360983933323,
    "TC": 1.022436098393332
  },
  "LashkarValley": {
    "RAAS": 1.4132047167597048,
    "Invasion": -0.4567952832402953,
    "skirmish": 0.05320471675970484,
    "TC": 1.183204716759705,
    "AAS": -0.416795283240295,
    "Insurgency": -0.9267952832402949
  },
  "Gorodok": {
    "RAAS": 4.417367086571664,
    "AAS": 0.6973670865716637,
    "Insurgency": -0.2826329134283372,
    "Invasion": 2.1073670865716636,
    "skirmish": 1.1373670865716627,
    "Destruction": 3.537367086571664
  },
  "BlackCoast": {
    "RAAS": 9.121979413923881,
    "Invasion": 3.0419794139238787,
    "AAS": 4.211979413923881,
    "Seed": 1.8619794139238706,
    "skirmish": 1.8619794139238706
  },
  "Tallil": {
    "RAAS": 1.5132047167597051,
    "Invasion": -0.4867952832402952,
    "Seed": 0.05320471675970484,
    "skirmish": 0.05320471675970484,
    "TA": 0.05320471675970484,
    "TC": -0.41679528324029513,
    "tanks": 0.05320471675970484,
    "AAS": -0.7167952832402952
  },
  "Yehorivka": {
    "RAAS": 4.227367086571661,
    "AAS": 5.257367086571664,
    "TC": 1.6473670865716676,
    "Destruction": 3.3273670865716714,
    "Invasion": 1.2573670865716626,
    "skirmish": 1.1373670865716627,
    "TA": 1.1373670865716627
  }
}