{
  "Sumari": 0.02390060879482887,
  "Logar": 0.016847980684668216,
  "Kokan": 0.033752417021611726,
  "Chora": 0.032857022266148436,
  "Mestia": 0.02945210390747664,
  "FoolsRoad": 0.010456769962964001,
  "Narva": 0.016252766889755358,
  "Fallujah": 0.07977367077030856,
  "Belaya": 0.05559334708626158,
  "Anvil": 0.06991876354699127,
  "Mutaha": 0.053950065483798305,
  "Kamdesh": 0.03442434461857214,
  "AlBasrah": 0.046292170441633494,
  "Kohat": 0.06965195889452877,
  "Skorpo": 0.005321054451764835,
  "GooseBay": 0.0450925170338157,
  "Manic": 0.037849547493388015,
  "LashkarValley": 0.06784828216093111,
  "Gorodok": 0.046759771699353796,
  "BlackCoast": 0.06940058811767046,
  "Tallil": 0.0799803493233428,
  "Yehorivka": 0.07462389935018596
}