{
  "Sumari": 0.06515973234340978,
  "Logar": 0,
  "Kokan": 0,
  "Chora": 0,
  "Mestia": 0,
  "FoolsRoad": 0.19916867146112446,
  "Narva": 0.16711544323656619,
  "Fallujah": 0,
  "Belaya": 0,
  "Anvil": 0,
  "Mutaha": 0,
  "Kamdesh": 0,
  "AlBasrah": 0,
  "Kohat": 0,
  "Skorpo": 0,
  "GooseBay": 0,
  "Manic": 0,
  "LashkarValley": 0,
  "Gorodok": 0.4197239597612965,
  "BlackCoast": 0,
  "Tallil": 0,
  "Yehorivka": 0.14883219319760319
}