{
  "Sumari": 0.023052394416675805,
  "Logar": 0,
  "Kokan": 0.03623461799542219,
  "Chora": 0.051976133263240513,
  "Mestia": 0.10289716567739352,
  "FoolsRoad": 0.016087680212700142,
  "Narva": 0.010621244369563571,
  "Fallujah": 0.10527470046163649,
  "Belaya": 0.031665802866853485,
  "Anvil": 0.05250032640139228,
  "Mutaha": 0.02231261181968981,
  "Kamdesh": 0.11083718747209541,
  "AlBasrah": 0.04286061681272629,
  "Kohat": 0.025308222197203842,
  "Skorpo": 0.005469979435339292,
  "GooseBay": 0.0772633719799885,
  "Manic": 0.015019404950561253,
  "LashkarValley": 0.0235473245828807,
  "Gorodok": 0.09127309378289855,
  "BlackCoast": 0.07719515112858484,
  "Tallil": 0.011606576292560407,
  "Yehorivka": 0.06699639388059299
}