{
  "Sumari": 0.07953359425711648,
  "Logar": 0.04501106509392574,
  "Kokan": 0.054162360422536304,
  "Chora": 0.05196290533034614,
  "Mestia": 0.01789494216841405,
  "FoolsRoad": 0.08179929999287683,
  "Narva": 0.042517867843044004,
  "Fallujah": 0.07407172298740478,
  "Belaya": 0.00776437395312551,
  "Anvil": 0.011704239595390242,
  "Mutaha": 0.09004559531123531,
  "Kamdesh": 0.05717150572379046,
  "AlBasrah": 0.024772406772840337,
  "Kohat": 0.0050108987349789065,
  "Skorpo": 0.049189228577112415,
  "GooseBay": 0.010060085485173809,
  "Manic": 0.09006389129399056,
  "LashkarValley": 0.028669421059156444,
  "Gorodok": 0.014934160910044908,
  "BlackCoast": 0.06289488303706756,
  "Tallil": 0.01517181045933731,
  "Yehorivka": 0.08559374099109195
}