{
  "Sumari": 0.1716173190747683,
  "Logar": 0.00272037652877484,
  "Kokan": 0,
  "Chora": 0,
  "Mestia": 0.1194931663994022,
  "FoolsRoad": 0,
  "Narva": 0.16145622941544313,
  "Fallujah": 0,
  "Belaya": 0,
  "Anvil": 0,
  "Mutaha": 0.11676863133132905,
  "Kamdesh": 0.0776209356929915,
  "AlBasrah": 0,
  "Kohat": 0,
  "Skorpo": 0.03667224823987086,
  "GooseBay": 0,
  "Manic": 0.07434065987630309,
  "LashkarValley": 0.15399497827445988,
  "Gorodok": 0,
  "BlackCoast": 0,
  "Tallil": 0.039626760177658905,
  "Yehorivka": 0.045688694988998156
}