{
  "Sumari": 0.06468222825726941,
  "Logar": 0.004939059139999253,
  "Kokan": 0.15982032787028638,
  "Chora": 0.14628406449271975,
  "Mestia": 0,
  "FoolsRoad": 0,
  "Narva": 0,
  "Fallujah": 0.16569334124609358,
  "Belaya": 0,
  "Anvil": 0,
  "Mutaha": 0,
  "Kamdesh": 0.13423258521912268,
  "AlBasrah": 0.09151522286513371,
  "Kohat": 0.13131468386076167,
  "Skorpo": 0,
  "GooseBay": 0,
  "Manic": 0,
  "LashkarValley": 0.022370301671732935,
  "Gorodok": 0.07914818537688054,
  "BlackCoast": 0,
  "Tallil": 0,
  "Yehorivka": 0
}