{
  "Sumari": {
    "Insurgency": 3.5273670865716635,
    "TC": 3.667367086571664,
    "Invasion": 2.417367086571663,
    "Seed": 1.1373670865716627,
    "skirmish": 1.1373670865716627,
    "AAS": 3.4473670865716626,
    "RAAS": 1.9973670865716675
  },
  "Logar": {
    "Seed": 0.6024360983933323,
    "skirmish": 0.6024360983933323,
    "Insurgency": 1.4024360983933322,
    "RAAS": 0.4324360983933324,
    "TC": 2.7124360983933347,
    "AAS": 2.6424360983933326
  },
  "Kokan": {
    "Invasion": 0.4424360983933322,
    "Insurgency": -0.5175639016066582,
    "skirmish": 0.6024360983933323,
    "RAAS": 1.4724360983933322,
    "AAS": 1.1024360983933323
  },
  "Chora": {
    "RAAS": 2.345994499314229,
    "Invasion": 0.12599449931422457,
    "skirmish": 0.2459944993142245,
    "Insurgency": -0.5440055006857754,
    "AAS": 0.39599449931422703
  },
  "Mestia": {
    "AAS": 1.335994499314227,
    "skirmish": 0.2459944993142245,
    "Invasion": -0.7140055006857755,
    "RAAS": -0.18400550068577545,
    "TC": 1.2259944993142244
  },
  "FoolsRoad": {
    "RAAS": 0.6059944993142248,
    "Invasion": -0.7840055006857756,
    "skirmish": 0.2459944993142245,
    "Destruction": 1.6659944993142277,
    "AAS": 1.985994499314233
  },
  "Narva": {
    "RAAS": 0.4932047167597049,
    "AAS": -0.5967952832402952,
    "Invasion": 0.05320471675970481,
    "Destruction": 1.053204716759705,
    "skirmish": 0.05320471675970484,
    "TA": 0.05320471675970484,
    "TC": 0.633204716759705
  },
  "Fallujah": {
    "RAAS": 1.851979413923878,
    "Insurgency": 2.661979413923871,
    "Invasion": 2.9719794139238793,
    "Seed": 1.8619794139238706,
    "skirmish": 1.8619794139238706,
    "AAS": 5.121979413923873
  },
  "Belaya": {
    "RAAS": 1.085994499314224,
    "AAS": 1.2759944993142247,
    "Invasion": 0.15599449931422435,
    "skirmish": 0.2459944993142245
  },
  "Anvil": {
    "RAAS": -0.3140055006857756,
    "skirmish": 0.2459944993142245,
    "Invasion": 0.2859944993142245,
    "AAS": 0.625994499314227
  },
  "Mutaha": {
    "RAAS": 2.3419794139238714,
    "AAS": 5.84197941392387,
    "TC": 2.9619794139238786,
    "Invasion": 1.491979413923874,
    "skirmish": 1.8619794139238706
  },
  "Kamdesh": {
    "RAAS": 0.6232047167597046,
    "Invasion": 0.39320471675970525,
    "AAS": 0.45320471675970486,
    "skirmish": 0.05320471675970484,
    "Insurgency": -0.9467952832402952,
    "TC": -0.5467952832402951
  },
  "AlBasrah": {
    "Insurgency": 1.9824360983933411,
    "AAS": -0.8875639016066674,
    "Invasion": 1.682436098393334,
    "Seed": 0.6024360983933323,
    "skirmish": 0.6024360983933323,
    "TA": 0.6024360983933323,
    "RAAS": 0.09243609839333763
  },
  "Kohat": {
    "RAAS": -0.5740055006857758,
    "Insurgency": 0.24599449931422443,
    "AAS": -0.7540055006857755,
    "skirmish": 0.2459944993142245,
    "Invasion": 0.35599449931422456
  },
  "Skorpo": {
    "RAAS": 1.1719794139238726,
    "skirmish": 1.8619794139238706,
    "TC": 1.5319794139238752,
    "Invasion": 2.781979413923888,
    "AAS": 3.3419794139238714
  },
  "GooseBay": {
    "RAAS": 0.6459944993142244,
    "Invasion": -0.2340055006857755,
    "AAS": 0.24599449931422443,
    "skirmish": 0.2459944993142245
  },
  "Manic": {
    "RAAS": -0.26756390160666754,
    "AAS": 0.7824360983933325,
    "Invasion": 0.1924360983933324,
    "skirmish": 0.6024360983933323,
    "TC": 0.16243609839333237
  },
  "LashkarValley": {
    "RAAS": -0.5867952832402952,
    "Invasion": 0.05320471675970481,
    "skirmish": 0.05320471675970484,
    "TC": 0.22320471675970463,
    "AAS": 1.563204716759706,
    "Insurgency": -0.44679528324029516
  },
  "Gorodok": {
    "RAAS": 5.307367086571663,
    "AAS": 3.267367086571663,
    "Insurgency": 1.4373670865716661,
    "Invasion": 1.6273670865716703,
    "skirmish": 1.1373670865716627,
    "Destruction": 2.547367086571664
  },
  "BlackCoast": {
    "RAAS": 3.1419794139238784,
    "Invasion": 2.861979413923879,
    "AAS": 6.361979413923875,
    "Seed": 1.8619794139238706,
    "skirmish": 1.8619794139238706
  },
  "Tallil": {
    "RAAS": 1.4332047167597048,
    "Invasion": 0.09320471675970485,
    "Seed": 0.05320471675970484,
    "skirmish": 0.05320471675970484,
    "TA": 0.05320471675970484,
    "TC": -0.5567952832402953,
    "tanks": 0.05320471675970484,
    "AAS": -0.21679528324029504
  },
  "Yehorivka": {
    "RAAS": 3.8873670865716696,
    "AAS": 4.967367086571661,
    "TC": 3.1673670865716677,
    "Destruction": 0.9273670865716632,
    "Invasion": 1.5373670865716629,
    "skirmish": 1.1373670865716627,
    "TA": 1.1373670865716627
  }
}