{
  "Sumari": 0.03351165882233028,
  "Logar": 0.17020780113945952,
  "Kokan": 0.1704865298313433,
  "Chora": 0.09938855283516708,
  "Mestia": 0,
  "FoolsRoad": 0,
  "Narva": 0,
  "Fallujah": 0.08277541996019601,
  "Belaya": 0,
  "Anvil": 0,
  "Mutaha": 0,
  "Kamdesh": 0.11176154855542875,
  "AlBasrah": 0.1717905973919869,
  "Kohat": 0.020950682511381092,
  "Skorpo": 0,
  "GooseBay": 0,
  "Manic": 0,
  "LashkarValley": 0.022762267097635614,
  "Gorodok": 0.11636494185507139,
  "BlackCoast": 0,
  "Tallil": 0,
  "Yehorivka": 0
}