{
  "Sumari": 0.060261071567357744,
  "Logar": 0.017773532076816114,
  "Kokan": 0.04166621909046105,
  "Chora": 0.0852437907980408,
  "Mestia": 0.0665650026780989,
  "FoolsRoad": 0.049337660786350164,
  "Narva": 0.05692129237629424,
  "Fallujah": 0.0027410066952953385,
  "Belaya": 0.03290206997302099,
  "Anvil": 0.07273422076547434,
  "Mutaha": 0.03424681514080612,
  "Kamdesh": 0.057509745233866184,
  "AlBasrah": 0.06304103599440623,
  "Kohat": 0.03586858304689076,
  "Skorpo": 0.052066778240136544,
  "GooseBay": 0.023925308685662117,
  "Manic": 0.04500436755876895,
  "LashkarValley": 0.002353637976244627,
  "Gorodok": 0.060743676679878254,
  "BlackCoast": 0.09271118183881111,
  "Tallil": 0.03378060143257896,
  "Yehorivka": 0.012602401364740206
}