{
  "Sumari": 0.05059413712077317,
  "Logar": 0,
  "Kokan": 0.04820450725198938,
  "Chora": 0.040699361690809704,
  "Mestia": 0.01677746115794457,
  "FoolsRoad": 0.05487343363522905,
  "Narva": 0.049137554331843684,
  "Fallujah": 0.03958893467980699,
  "Belaya": 0.06620884865525449,
  "Anvil": 0.039176531119341926,
  "Mutaha": 0.06633077055389182,
  "Kamdesh": 0.06077453737271038,
  "AlBasrah": 0.04864268482575979,
  "Kohat": 0.0680253521568939,
  "Skorpo": 0.02155829674424939,
  "GooseBay": 0.019275164299930446,
  "Manic": 0.04242473173735838,
  "LashkarValley": 0.05717611747858848,
  "Gorodok": 0.054663931234416735,
  "BlackCoast": 0.06673416413714517,
  "Tallil": 0.0284819371896832,
  "Yehorivka": 0.06065154262637927
}