{
  "Sumari": 0.06396765481257916,
  "Logar": 0.04943804728814489,
  "Kokan": 0.06086573045474542,
  "Chora": 0.07793765557439494,
  "Mestia": 0.05705107202732264,
  "FoolsRoad": 0.07392956544947209,
  "Narva": 0.010946017095744286,
  "Fallujah": 0.029747952464095076,
  "Belaya": 0.023359286706930153,
  "Anvil": 0.02961424397239384,
  "Mutaha": 0.07000796525158899,
  "Kamdesh": 0.07240390505654747,
  "AlBasrah": 0.07587622343262967,
  "Kohat": 0.042641871922662736,
  "Skorpo": 0.04688618668761348,
  "GooseBay": 0.03539520268516457,
  "Manic": 0.0012828570276244783,
  "LashkarValley": 0.049083578645836075,
  "Gorodok": 0.011059117634524319,
  "BlackCoast": 0.017169039814044038,
  "Tallil": 0.0475945554948336,
  "Yehorivka": 0.05374227050110831
}