{
  "Sumari": 0.17622975703054095,
  "Logar": 0.14088283644755292,
  "Kokan": 0,
  "Chora": 0,
  "Mestia": 0.021761985595517223,
  "FoolsRoad": 0,
  "Narva": 0.13073723830162354,
  "Fallujah": 0,
  "Belaya": 0,
  "Anvil": 0,
  "Mutaha": 0.029206519574511154,
  "Kamdesh": 0.15837872796306052,
  "AlBasrah": 0,
  "Kohat": 0,
  "Skorpo": 0.04033515573681893,
  "GooseBay": 0,
  "Manic": 0.09488310458257349,
  "LashkarValley": 0.08428967214311607,
  "Gorodok": 0,
  "BlackCoast": 0,
  "Tallil": 0.10138087922052316,
  "Yehorivka": 0.021914123404161934
}