{
  "Sumari": {
    "Insurgency": 3.1173670865716634,
    "TC": 0.617367086571663,
    "Invasion": 0.9473670865716632,
    "Seed": 1.1373670865716627,
    "skirmish": 1.1373670865716627,
    "AAS": 2.097367086571662,
    "RAAS": 1.8973670865716679
  },
  "Logar": {
    "Seed": 0.6024360983933323,
    "skirmish": 0.6024360983933323,
    "Insurgency": 1.4824360983933318,
    "RAAS": -0.5875639016066676,
    "TC": 3.602436098393336,
    "AAS": -0.36756390160666763
  },
  "Kokan": {
    "Invasion": 1.1024360983933323,
    "Insurgency": 1.7324360983933362,
    "skirmish": 0.6024360983933323,
    "RAAS": 2.972436098393332,
    "AAS": -0.8075639016066676
  },
  "Chora": {
    "RAAS": 1.1159944993142243,
    "Invasion": 1.0959944993142245,
    "skirmish": 0.2459944993142245,
    "Insurgency": 1.7259944993142287,
    "AAS": 0.805994499314227
  },
  "Mestia": {
    "AAS": 0.345994499314227,
    "skirmish": 0.2459944993142245,
    "Invasion": -0.7440055006857755,
    "RAAS": 1.2459944993142245,
    "TC": 1.7459944993142296
  },
  "FoolsRoad": {
    "RAAS": 0.005994499314224674,
    "Invasion": -0.7540055006857755,
    "skirmish": 0.2459944993142245,
    "Destruction": 1.5759944993142245,
    "AAS": 0.5859944993142248
  },
  "Narva": {
    "RAAS": 0.613204716759705,
    "AAS": 0.4032047167597048,
    "Invasion": -0.41679528324029513,
    "Destruction": -0.05679528324029512,
    "skirmish": 0.05320471675970484,
    "TA": 0.05320471675970484,
    "TC": 0.153204716759705
  },
  "Fallujah": {
    "RAAS": 3.321979413923872,
    "Insurgency": 2.951979413923871,
    "Invasion": 2.941979413923871,
    "Seed": 1.8619794139238706,
    "skirmish": 1.8619794139238706,
    "AAS": 6.761979413923873
  },
  "Belaya": {
    "RAAS": 0.4159944993142244,
    "AAS": 0.7759944993142247,
    "Invasion": 1.1659944993142244,
    "skirmish": 0.2459944993142245
  },
  "Anvil": {
    "RAAS": -0.4640055006857753,
    "skirmish": 0.2459944993142245,
    "Invasion": 0.7559944993142245,
    "AAS": 0.16599449931422702
  },
  "Mutaha": {
    "RAAS": 6.771979413923869,
    "AAS": 5.261979413923871,
    "TC": 1.4319794139238726,
    "Invasion": 1.841979413923878,
    "skirmish": 1.8619794139238706
  },
  "Kamdesh": {
    "RAAS": 0.4132047167597048,
    "Invasion": -0.6667952832402948,
    "AAS": -0.5467952832402951,
    "skirmish": 0.05320471675970484,
    "Insurgency": -0.9167952832402947,
    "TC": 1.4232047167597048
  },
  "AlBasrah": {
    "Insurgency": 1.4624360983933378,
    "AAS": 3.5624360983933325,
    "Invasion": 0.26243609839333226,
    "Seed": 0.6024360983933323,
    "skirmish": 0.6024360983933323,
    "TA": 0.6024360983933323,
    "RAAS": 2.412436098393332
  },
  "Kohat": {
    "RAAS": 0.5759944993142243,
    "Insurgency": 0.4759944993142242,
    "AAS": 0.7859944993142245,
    "skirmish": 0.2459944993142245,
    "Invasion": 1.2159944993142253
  },
  "Skorpo": {
    "RAAS": 2.28197941392387,
    "skirmish": 1.8619794139238706,
    "TC": 2.291979413923875,
    "Invasion": 1.4819794139238818,
    "AAS": 3.2219794139238713
  },
  "GooseBay": {
    "RAAS": -0.7540055006857755,
    "Invasion": 0.6059944993142243,
    "AAS": 0.7459944993142245,
    "skirmish": 0.2459944993142245
  },
  "Manic": {
    "RAAS": 0.11243609839333232,
    "AAS": 0.1924360983933324,
    "Invasion": 0.5824360983933323,
    "skirmish": 0.6024360983933323,
    "TC": 0.18243609839333239
  },
  "LashkarValley": {
    "RAAS": -0.936795283240295,
    "Invasion": 0.553204716759705,
    "skirmish": 0.05320471675970484,
    "TC": -0.5367952832402951,
    "AAS": 0.06320471675970493,
    "Insurgency": -0.45679528324029517
  },
  "Gorodok": {
    "RAAS": 0.26736708657166286,
    "AAS": 1.9573670865716684,
    "Insurgency": 0.5173670865716633,
    "Invasion": 1.6273670865716676,
    "skirmish": 1.1373670865716627,
    "Destruction": 3.6673670865716677
  },
  "BlackCoast": {
    "RAAS": 1.9619794139238873,
    "Invasion": 1.861979413923887,
    "AAS": 6.401979413923874,
    "Seed": 1.8619794139238706,
    "skirmish": 1.8619794139238706
  },
  "Tallil": {
    "RAAS": -0.846795283240295,
    "Invasion": -0.746795283240295,
    "Seed": 0.05320471675970484,
    "skirmish": 0.05320471675970484,
    "TA": 0.05320471675970484,
    "TC": 0.5632047167597047,
    "tanks": 0.05320471675970484,
    "AAS": 0.5432047167597047
  },
  "Yehorivka": {
    "RAAS": 1.137367086571663,
    "AAS": 3.4873670865716617,
    "TC": 3.207367086571666,
    "Destruction": 2.2373670865716626,
    "Invasion": 1.3673670865716636,
    "skirmish": 1.1373670865716627,
    "TA": 1.1373670865716627
  }
}