{
  "Sumari": 0.05053778327080534,
  "Logar": 0.014116143345164216,
  "Kokan": 0.08193842044229481,
  "Chora": 0.060498047989533454,
  "Mestia": 0.08231067055589276,
  "FoolsRoad": 0.03691825031511421,
  "Narva": 0.06974265604013719,
  "Fallujah": 0.062019992698981084,
  "Belaya": 0.05365972401475873,
  "Anvil": 0.01566141375664819,
  "Mutaha": 0.07468424011184138,
  "Kamdesh": 0.07234076075336053,
  "AlBasrah": 0.0652843149581276,
  "Kohat": 0.06300545457085001,
  "Skorpo": 0.04577787457419632,
  "GooseBay": 0.004022082072892534,
  "Manic": 0.029667060302839693,
  "LashkarValley": 0.005022759096402528,
  "Gorodok": 0.02092946240442564,
  "BlackCoast": 0.03640101195189459,
  "Tallil": 0.012810309641344369,
  "Yehorivka": 0.042651567132494766
}