{
  "Sumari": 0.09779940677535523,
  "Logar": 0.15501309017203246,
  "Kokan": 0,
  "Chora": 0,
  "Mestia": 0.1342524366636296,
  "FoolsRoad": 0,
  "Narva": 0.03545965388100782,
  "Fallujah": 0,
  "Belaya": 0,
  "Anvil": 0,
  "Mutaha": 0.007603227853136132,
  "Kamdesh": 0.13591578625918957,
  "AlBasrah": 0,
  "Kohat": 0,
  "Skorpo": 0.16182398797739955,
  "GooseBay": 0,
  "Manic": 0.08948879376416011,
  "LashkarValley": 0.06480067943229192,
  "Gorodok": 0,
  "BlackCoast": 0,
  "Tallil": 0.05749723548007211,
  "Yehorivka": 0.06034570174172536
}