{
  "Sumari": 0.03719968512676886,
  "Logar": 0.018525793458765292,
  "Kokan": 0.0035709937951772853,
  "Chora": 0.05287861327035994,
  "Mestia": 0.048186676401143505,
  "FoolsRoad": 0.060865666164036686,
  "Narva": 0.055642660702552034,
  "Fallujah": 0.05738924806435691,
  "Belaya": 0.049317885470191336,
  "Anvil": 0.046411236826664634,
  "Mutaha": 0.056756931326700386,
  "Kamdesh": 0.018566345084105453,
  "AlBasrah": 0.06840072814932935,
  "Kohat": 0.06436068514777561,
  "Skorpo": 0.03524454116619375,
  "GooseBay": 0.0485733591524515,
  "Manic": 0.026110904160050012,
  "LashkarValley": 0.04318890578732442,
  "Gorodok": 0.030659860435505233,
  "BlackCoast": 0.0692435964632921,
  "Tallil": 0.06407857375547936,
  "Yehorivka": 0.04482711009177636
}