{
  "Sumari": 0.2887247633132194,
  "Logar": 0,
  "Kokan": 0,
  "Chora": 0,
  "Mestia": 0,
  "FoolsRoad": 0.238860069823948,
  "Narva": 0.22528303331058916,
  "Fallujah": 0,
  "Belaya": 0,
  "Anvil": 0,
  "Mutaha": 0,
  "Kamdesh": 0,
  "AlBasrah": 0,
  "Kohat": 0,
  "Skorpo": 0,
  "GooseBay": 0,
  "Manic": 0,
  "LashkarValley": 0,
  "Gorodok": 0.05641408256091229,
  "BlackCoast": 0,
  "Tallil": 0,
  "Yehorivka": 0.19071805099133107
}