{
  "Sumari": 0.018404002891577127,
  "Logar": 0,
  "Kokan": 0.06280372750794055,
  "Chora": 0.06650766697888423,
  "Mestia": 0.007908119050025626,
  "FoolsRoad": 0.013090766183152637,
  "Narva": 0.037467041905980734,
  "Fallujah": 0.009146635773161153,
  "Belaya": 0.0887411071366749,
  "Anvil": 0.0658732509223157,
  "Mutaha": 0.06924651801939502,
  "Kamdesh": 0.016711125231780824,
  "AlBasrah": 0.029496114066927353,
  "Kohat": 0.10787641302479677,
  "Skorpo": 0.03923756568647342,
  "GooseBay": 0.06842441394882567,
  "Manic": 0.05965350226175679,
  "LashkarValley": 0.09915734055309715,
  "Gorodok": 0.07347616133799063,
  "BlackCoast": 0.032655285023409,
  "Tallil": 0.007890411870651683,
  "Yehorivka": 0.02623283062518305
}