{
  "Sumari": 0.11862559841878727,
  "Logar": 0.19487131791810852,
  "Kokan": 0.045740369760878544,
  "Chora": 0.1856062239458798,
  "Mestia": 0,
  "FoolsRoad": 0,
  "Narva": 0,
  "Fallujah": 0.09541807714866697,
  "Belaya": 0,
  "Anvil": 0,
  "Mutaha": 0,
  "Kamdesh": 0.028132537175632435,
  "AlBasrah": 0.07977223468654421,
  "Kohat": 0.1383404386883737,
  "Skorpo": 0,
  "GooseBay": 0,
  "Manic": 0,
  "LashkarValley": 0.05757976212161092,
  "Gorodok": 0.055913440135517634,
  "BlackCoast": 0,
  "Tallil": 0,
  "Yehorivka": 0
}