{
  "Sumari": {
    "Insurgency": 5.697367086571667,
    "TC": 2.927367086571664,
    "Invasion": 3.777367086571675,
    "Seed": 1.1373670865716627,
    "skirmish": 1.1373670865716627,
    "AAS": 3.167367086571664,
    "RAAS": 4.987367086571675
  },
  "Logar": {
    "Seed": 0.6024360983933323,
    "skirmish": 0.6024360983933323,
    "Insurgency": 2.572436098393341,
    "RAAS": -0.4475639016066679,
    "TC": 0.7124360983933347,
    "AAS": 3.972436098393341
  },
  "Kokan": {
    "Invasion": 1.7624360983933376,
    "Insurgency": -0.5575639016066665,
    "skirmish": 0.6024360983933323,
    "RAAS": -0.06756390160666667,
    "AAS": 0.012436098393335135
  },
  "Chora": {
    "RAAS": -0.4340055006857757,
    "Invasion": -0.414005500685775,
    "skirmish": 0.2459944993142245,
    "Insurgency": 0.4259944993142242,
    "AAS": 0.8059944993142247
  },
  "Mestia": {
    "AAS": 1.5859944993142259,
    "skirmish": 0.2459944993142245,
    "Invasion": -0.02400550068577531,
    "RAAS": 1.4759944993142242,
    "TC": 0.8159944993142245
  },
  "FoolsRoad": {
    "RAAS": -0.7940055006857756,
    "Invasion": 1.0659944993142243,
    "skirmish": 0.2459944993142245,
    "Destruction": 1.4059944993142315,
    "AAS": -0.4040055006857757
  },
  "Narva": {
    "RAAS": -0.886795283240295,
    "AAS": -0.3267952832402954,
    "Invasion": -0.41679528324029513,
    "Destruction": 0.23320471675970508,
    "skirmish": 0.05320471675970484,
    "TA": 0.05320471675970484,
    "TC": 1.0432047167597047
  },
  "Fallujah": {
    "RAAS": 6.311979413923874,
    "Insurgency": 4.851979413923871,
    "Invasion": 3.36197941392387,
    "Seed": 1.8619794139238706,
    "skirmish": 1.8619794139238706,
    "AAS": 4.961979413923869
  },
  "Belaya": {
    "RAAS": 1.1859944993142264,
    "AAS": 0.7559944993142247,
    "Invasion": 0.01599449931422467,
    "skirmish": 0.2459944993142245
  },
  "Anvil": {
    "RAAS": -0.36400550068577564,
    "skirmish": 0.2459944993142245,
    "Invasion": 0.4759944993142242,
    "AAS": 1.6159944993142268
  },
  "Mutaha": {
    "RAAS": 0.5919794139238701,
    "AAS": 4.881979413923871,
    "TC": 3.7319794139238756,
    "Invasion": 3.221979413923873,
    "skirmish": 1.8619794139238706
  },
  "Kamdesh": {
    "RAAS": -0.7367952832402949,
    "Invasion": -0.3967952832402951,
    "AAS": 0.613204716759705,
    "skirmish": 0.05320471675970484,
    "Insurgency": -0.4767952832402942,
    "TC": -0.9567952832402951
  },
  "AlBasrah": {
    "Insurgency": 1.7624360983933367,
    "AAS": 2.952436098393333,
    "Invasion": 2.2224360983933353,
    "Seed": 0.6024360983933323,
    "skirmish": 0.6024360983933323,
    "TA": 0.6024360983933323,
    "RAAS": -0.3475639016066685
  },
  "Kohat": {
    "RAAS": -0.41400550068577613,
    "Insurgency": -0.894005500685769,
    "AAS": -0.22400550068577504,
    "skirmish": 0.2459944993142245,
    "Invasion": 0.7359944993142244
  },
  "Skorpo": {
    "RAAS": 6.581979413923872,
    "skirmish": 1.8619794139238706,
    "TC": 1.8019794139238843,
    "Invasion": 4.48197941392387,
    "AAS": 6.511979413923873
  },
  "GooseBay": {
    "RAAS": 0.8059944993142245,
    "Invasion": 1.1059944993142248,
    "AAS": 0.24599449931422443,
    "skirmish": 0.2459944993142245
  },
  "Manic": {
    "RAAS": 0.582436098393333,
    "AAS": 1.8824360983933537,
    "Invasion": 1.48243609839334,
    "skirmish": 0.6024360983933323,
    "TC": 0.15243609839333236
  },
  "LashkarValley": {
    "RAAS": 1.8932047167597135,
    "Invasion": 0.0432047167597048,
    "skirmish": 0.05320471675970484,
    "TC": 0.5132047167597049,
    "AAS": 0.23320471675970508,
    "Insurgency": 0.0532047167597047
  },
  "Gorodok": {
    "RAAS": 9.217367086571663,
    "AAS": 1.3973670865716636,
    "Insurgency": 1.887367086571674,
    "Invasion": 1.4773670865716633,
    "skirmish": 1.1373670865716627,
    "Destruction": 3.167367086571664
  },
  "BlackCoast": {
    "RAAS": 4.4719794139238775,
    "Invasion": 2.811979413923872,
    "AAS": 5.061979413923876,
    "Seed": 1.8619794139238706,
    "skirmish": 1.8619794139238706
  },
  "Tallil": {
    "RAAS": 1.1132047167597046,
    "Invasion": -0.44679528324029516,
    "Seed": 0.05320471675970484,
    "skirmish": 0.05320471675970484,
    "TA": 0.05320471675970484,
    "TC": -0.406795283240295,
    "tanks": 0.05320471675970484,
    "AAS": 0.5432047167597047
  },
  "Yehorivka": {
    "RAAS": 6.627367086571667,
    "AAS": 4.227367086571665,
    "TC": 1.497367086571665,
    "Destruction": 0.7073670865716639,
    "Invasion": 1.687367086571673,
    "skirmish": 1.1373670865716627,
    "TA": 1.1373670865716627
  }
}