{
  "Sumari": 0.09217749416223182,
  "Logar": 0.013868152100763044,
  "Kokan": 0.029842662729198343,
  "Chora": 0.020546339814926692,
  "Mestia": 0.07284048753106909,
  "FoolsRoad": 0.008595999728324777,
  "Narva": 0.0035472117614612675,
  "Fallujah": 0.09255875556934871,
  "Belaya": 0.06582090746311595,
  "Anvil": 0.02370160142480692,
  "Mutaha": 0.014998767946482187,
  "Kamdesh": 0.015877661770167546,
  "AlBasrah": 0.009319256885269253,
  "Kohat": 0.013820328481333789,
  "Skorpo": 0.018747153165217488,
  "GooseBay": 0.057933149894811374,
  "Manic": 0.036260035441229604,
  "LashkarValley": 0.10477353882417376,
  "Gorodok": 0.10174075423303501,
  "BlackCoast": 0.059196947914709724,
  "Tallil": 0.079645280402931,
  "Yehorivka": 0.06418751275539258
}