{
  "Sumari": 0.11402236238203649,
  "Logar": 0.11956322519332452,
  "Kokan": 0,
  "Chora": 0,
  "Mestia": 0.14233361312368054,
  "FoolsRoad": 0,
  "Narva": 0.15012567459192985,
  "Fallujah": 0,
  "Belaya": 0,
  "Anvil": 0,
  "Mutaha": 0.15097701712952902,
  "Kamdesh": 0.00727803472007558,
  "AlBasrah": 0,
  "Kohat": 0,
  "Skorpo": 0.05846495659675681,
  "GooseBay": 0,
  "Manic": 0.04063089514358946,
  "LashkarValley": 0.14040995160407987,
  "Gorodok": 0,
  "BlackCoast": 0,
  "Tallil": 0.05753502923268799,
  "Yehorivka": 0.018659240282309857
}