{
  "Sumari": 0.10142508205056314,
  "Logar": 0,
  "Kokan": 0.0934274251898733,
  "Chora": 0.018156275808459094,
  "Mestia": 0.07347498419796054,
  "FoolsRoad": 0.08272218825366726,
  "Narva": 0.020543864866838398,
  "Fallujah": 0.00582745795032483,
  "Belaya": 0.03577385187216042,
  "Anvil": 0.04367837357627,
  "Mutaha": 0.011626889013488203,
  "Kamdesh": 0.010950671791709613,
  "AlBasrah": 0.0010362981263755055,
  "Kohat": 0.014096938688308157,
  "Skorpo": 0.019063415435483316,
  "GooseBay": 0.07459968074763111,
  "Manic": 0.07294788989353256,
  "LashkarValley": 0.020979735751595497,
  "Gorodok": 0.09724325105711025,
  "BlackCoast": 0.09863727745445607,
  "Tallil": 0.020560808633786534,
  "Yehorivka": 0.08322763964040626
}