{
  "Sumari": 0.26265381603625315,
  "Logar": 0,
  "Kokan": 0,
  "Chora": 0,
  "Mestia": 0,
  "FoolsRoad": 0.11126663284558795,
  "Narva": 0.30543990920813363,
  "Fallujah": 0,
  "Belaya": 0,
  "Anvil": 0,
  "Mutaha": 0,
  "Kamdesh": 0,
  "AlBasrah": 0,
  "Kohat": 0,
  "Skorpo": 0,
  "GooseBay": 0,
  "Manic": 0,
  "LashkarValley": 0,
  "Gorodok": 0.2427023848256057,
  "BlackCoast": 0,
  "Tallil": 0,
  "Yehorivka": 0.07793725708441963
}