{
  "Sumari": 0.016754911084337465,
  "Logar": 0.07715191394518119,
  "Kokan": 0.022082490280181565,
  "Chora": 0.05277174222827208,
  "Mestia": 0.06312259904594866,
  "FoolsRoad": 0.008922098385568894,
  "Narva": 0.028891586899369482,
  "Fallujah": 0.04870983778204257,
  "Belaya": 0.04155222848024087,
  "Anvil": 0.0824155669085213,
  "Mutaha": 0.04604014567060104,
  "Kamdesh": 0.05575574522851359,
  "AlBasrah": 0.08517094089529599,
  "Kohat": 0.02372103755763373,
  "Skorpo": 0.04414946771473652,
  "GooseBay": 0.039433674032970996,
  "Manic": 0.06403715440741148,
  "LashkarValley": 0.04860588354117474,
  "Gorodok": 0.008122882069844323,
  "BlackCoast": 0.05111539434347847,
  "Tallil": 0.060215291086607704,
  "Yehorivka": 0.03125740841206732
}