{
  "Sumari": 0.11347136005256374,
  "Logar": 0.13987679508388007,
  "Kokan": 0.043513014305895506,
  "Chora": 0.12410344536464941,
  "Mestia": 0,
  "FoolsRoad": 0,
  "Narva": 0,
  "Fallujah": 0.08299316255622474,
  "Belaya": 0,
  "Anvil": 0,
  "Mutaha": 0,
  "Kamdesh": 0.05114798862546318,
  "AlBasrah": 0.12486559940681057,
  "Kohat": 0.030781907746200418,
  "Skorpo": 0,
  "GooseBay": 0,
  "Manic": 0,
  "LashkarValley": 0.14664902411165368,
  "Gorodok": 0.1425977027466587,
  "BlackCoast": 0,
  "Tallil": 0,
  "Yehorivka": 0
}