{
  "Sumari": {
    "Insurgency": 5.967367086571663,
    "TC": 3.4873670865716635,
    "Invasion": 1.777367086571673,
    "Seed": 1.1373670865716627,
    "skirmish": 1.1373670865716627,
    "AAS": 1.1673670865716628,
    "RAAS": 3.977367086571675
  },
  "Logar": {
    "Seed": 0.6024360983933323,
    "skirmish": 0.6024360983933323,
    "Insurgency": 1.8424360983933439,
    "RAAS": 1.902436098393341,
    "TC": 3.152436098393336,
    "AAS": 2.752436098393333
  },
  "Kokan": {
    "Invasion": 2.042436098393332,
    "Insurgency": -0.6375639016066597,
    "skirmish": 0.6024360983933323,
    "RAAS": 1.1024360983933403,
    "AAS": -0.6975639016066675
  },
  "Chora": {
    "RAAS": 0.3059944993142245,
    "Invasion": 0.03599449931422491,
    "skirmish": 0.2459944993142245,
    "Insurgency": -0.414005500685771,
    "AAS": -0.5440055006857729
  },
  "Mestia": {
    "AAS": 0.5259944993142298,
    "skirmish": 0.2459944993142245,
    "Invasion": 1.1459944993142244,
    "RAAS": -0.2340055006857755,
    "TC": 1.9959944993142427
  },
  "FoolsRoad": {
    "RAAS": -0.7440055006857751,
    "Invasion": -0.814005500685776,
    "skirmish": 0.2459944993142245,
    "Destruction": 1.6559944993142277,
    "AAS": -0.6840055006857753
  },
  "Narva": {
    "RAAS": -0.876795283240295,
    "AAS": 0.633204716759705,
    "Invasion": 0.353204716759705,
    "Destruction": 0.5432047167597049,
    "skirmish": 0.05320471675970484,
    "TA": 0.05320471675970484,
    "TC": 0.6732047167597051
  },
  "Fallujah": {
    "RAAS": 4.311979413923872,
    "Insurgency": 3.351979413923871,
    "Invasion": 4.101979413923871,
    "Seed": 1.8619794139238706,
    "skirmish": 1.8619794139238706,
    "AAS": 4.271979413923875
  },
  "Belaya": {
    "RAAS": 0.8459944993142243,
    "AAS": -0.5440055006857751,
    "Invasion": -0.7640055006857756,
    "skirmish": 0.2459944993142245
  },
  "Anvil": {
    "RAAS": 1.535994499314225,
    "skirmish": 0.2459944993142245,
    "Invasion": 1.1959944993142244,
    "AAS": 2.665994499314227
  },
  "Mutaha": {
    "RAAS": 6.331979413923868,
    "AAS": 6.991979413923872,
    "TC": 3.9019794139238786,
    "Invasion": 1.861979413923886,
    "skirmish": 1.8619794139238706
  },
  "Kamdesh": {
    "RAAS": -0.5467952832402951,
    "Invasion": -0.6667952832402948,
    "AAS": 0.9532047167597049,
    "skirmish": 0.05320471675970484,
    "Insurgency": 0.4832047167597052,
    "TC": 1.6432047167597046
  },
  "AlBasrah": {
    "Insurgency": 0.562436098393343,
    "AAS": 3.5624360983933316,
    "Invasion": 2.3124360983933325,
    "Seed": 0.6024360983933323,
    "skirmish": 0.6024360983933323,
    "TA": 0.6024360983933323,
    "RAAS": 0.9024360983933319
  },
  "Kohat": {
    "RAAS": 0.9259944993142242,
    "Insurgency": -0.7040055006857759,
    "AAS": 2.4759944993142255,
    "skirmish": 0.2459944993142245,
    "Invasion": 0.7359944993142253
  },
  "Skorpo": {
    "RAAS": 2.57197941392387,
    "skirmish": 1.8619794139238706,
    "TC": 3.6019794139238774,
    "Invasion": 0.791979413923882,
    "AAS": 5.061979413923872
  },
  "GooseBay": {
    "RAAS": 0.24599449931422443,
    "Invasion": 1.0559944993142243,
    "AAS": 0.2759944993142245,
    "skirmish": 0.2459944993142245
  },
  "Manic": {
    "RAAS": 2.6824360983933326,
    "AAS": 1.0624360983933328,
    "Invasion": 0.13243609839333237,
    "skirmish": 0.6024360983933323,
    "TC": 2.4924360983933322
  },
  "LashkarValley": {
    "RAAS": 0.3232047167597052,
    "Invasion": -0.44679528324029505,
    "skirmish": 0.05320471675970484,
    "TC": -0.35679528324029497,
    "AAS": -0.5767952832402952,
    "Insurgency": 0.22320471675970496
  },
  "Gorodok": {
    "RAAS": 3.187367086571663,
    "AAS": 3.137367086571679,
    "Insurgency": -0.11263291342833678,
    "Invasion": 0.577367086571668,
    "skirmish": 1.1373670865716627,
    "Destruction": 4.367367086571669
  },
  "BlackCoast": {
    "RAAS": 4.761979413923887,
    "Invasion": 2.88197941392389,
    "AAS": 7.371979413923874,
    "Seed": 1.8619794139238706,
    "skirmish": 1.8619794139238706
  },
  "Tallil": {
    "RAAS": -0.9667952832402946,
    "Invasion": -0.256795283240295,
    "Seed": 0.05320471675970484,
    "skirmish": 0.05320471675970484,
    "TA": 0.05320471675970484,
    "TC": 0.04320471675970469,
    "tanks": 0.05320471675970484,
    "AAS": -0.7067952832402951
  },
  "Yehorivka": {
    "RAAS": 0.697367086571663,
    "AAS": 1.287367086571664,
    "TC": 3.6573670865716714,
    "Destruction": 2.4473670865716626,
    "Invasion": -0.17263291342833595,
    "skirmish": 1.1373670865716627,
    "TA": 1.1373670865716627
  }
}