{
  "Sumari": 0.010905115405873184,
  "Logar": 0.07518352369343431,
  "Kokan": 0.0015528484866617427,
  "Chora": 0.013452222533842376,
  "Mestia": 0.05311226708396433,
  "FoolsRoad": 0.010796362232213554,
  "Narva": 0.05855184782301464,
  "Fallujah": 0.009136086812429205,
  "Belaya": 0.012752701735674995,
  "Anvil": 0.09447127454416578,
  "Mutaha": 0.06859827255603196,
  "Kamdesh": 0.0780342429395924,
  "AlBasrah": 0.07043045324334034,
  "Kohat": 0.08658685810813675,
  "Skorpo": 0.08273250781088612,
  "GooseBay": 0.047323049864968575,
  "Manic": 0.04134047188131241,
  "LashkarValley": 0.00933646278921441,
  "Gorodok": 0.06304550223681074,
  "BlackCoast": 0.07979963276429962,
  "Tallil": 0.0003235883312571557,
  "Yehorivka": 0.032534707122875275
}