{
  "Sumari": 0.5109944826885883,
  "Logar": 0,
  "Kokan": 0,
  "Chora": 0,
  "Mestia": 0,
  "FoolsRoad": 0.009093014285100327,
  "Narva": 0.14856854881735607,
  "Fallujah": 0,
  "Belaya": 0,
  "Anvil": 0,
  "Mutaha": 0,
  "Kamdesh": 0,
  "AlBasrah": 0,
  "Kohat": 0,
  "Skorpo": 0,
  "GooseBay": 0,
  "Manic": 0,
  "LashkarValley": 0,
  "Gorodok": 0.32004601221923723,
  "BlackCoast": 0,
  "Tallil": 0,
  "Yehorivka": 0.011297941989718131
}