{
  "Sumari": 0.07951890888368997,
  "Logar": 0.0788033733150646,
  "Kokan": 0.04008128851177595,
  "Chora": 0.05528603853255467,
  "Mestia": 0.03488403692384314,
  "FoolsRoad": 0.007511565245477824,
  "Narva": 0.010300860506777589,
  "Fallujah": 0.033863075785850544,
  "Belaya": 0.07293666792640957,
  "Anvil": 0.0908880422061896,
  "Mutaha": 0.015039472032249701,
  "Kamdesh": 0.021371706967113865,
  "AlBasrah": 0.034723930191018514,
  "Kohat": 0.05664038725062653,
  "Skorpo": 0.038498828361202955,
  "GooseBay": 0.05967590643374717,
  "Manic": 0.06042056412051231,
  "LashkarValley": 0.07390691221851997,
  "Gorodok": 0.08201384368425636,
  "BlackCoast": 0.006806643627877491,
  "Tallil": 0.0031705907038177975,
  "Yehorivka": 0.043657356571423694
}