{
  "Sumari": 0.06277746263602553,
  "Logar": 0,
  "Kokan": 0.042026862772129026,
  "Chora": 0.05110893755722463,
  "Mestia": 0.08861770171284537,
  "FoolsRoad": 0.0007147689767420251,
  "Narva": 0.0753459558060939,
  "Fallujah": 0.08829488543130329,
  "Belaya": 0.010536026040657986,
  "Anvil": 0.09114931751094006,
  "Mutaha": 0.012501770156590796,
  "Kamdesh": 0.02680835432205282,
  "AlBasrah": 0.07334253718903534,
  "Kohat": 0.08325576023735552,
  "Skorpo": 0.028573334406285258,
  "GooseBay": 0.07265956438027064,
  "Manic": 0.03862202273957536,
  "LashkarValley": 0.03767208110834184,
  "Gorodok": 0.04747205016427929,
  "BlackCoast": 0.02476804132553333,
  "Tallil": 0.04140984898419296,
  "Yehorivka": 0.0023427165425252
}