{
  "Sumari": 0.17280180613815713,
  "Logar": 0.14310154188699706,
  "Kokan": 0.02748758192186952,
  "Chora": 0.06584335001828284,
  "Mestia": 0,
  "FoolsRoad": 0,
  "Narva": 0,
  "Fallujah": 0.07964876974921778,
  "Belaya": 0,
  "Anvil": 0,
  "Mutaha": 0,
  "Kamdesh": 0.1824564055135221,
  "AlBasrah": 0.06881187956414081,
  "Kohat": 0.0288732672682153,
  "Skorpo": 0,
  "GooseBay": 0,
  "Manic": 0,
  "LashkarValley": 0.1885799591974333,
  "Gorodok": 0.042395438742164226,
  "BlackCoast": 0,
  "Tallil": 0,
  "Yehorivka": 0
}