{
  "Sumari": 0.1393342898200127,
  "Logar": 0.0450332764640707,
  "Kokan": 0,
  "Chora": 0,
  "Mestia": 0.1534796618874483,
  "FoolsRoad": 0,
  "Narva": 0.10026951266106483,
  "Fallujah": 0,
  "Belaya": 0,
  "Anvil": 0,
  "Mutaha": 0.13259196910521068,
  "Kamdesh": 0.142635836756909,
  "AlBasrah": 0,
  "Kohat": 0,
  "Skorpo": 0.09103686234150397,
  "GooseBay": 0,
  "Manic": 0.01265836225359525,
  "LashkarValley": 0.06212140924198914,
  "Gorodok": 0,
  "BlackCoast": 0,
  "Tallil": 0.05180525727446665,
  "Yehorivka": 0.06903356219372866
}