{
  "Sumari": {
    "Insurgency": 3.8973670865716765,
    "TC": 3.167367086571665,
    "Invasion": 0.207367086571677,
    "Seed": 1.1373670865716627,
    "skirmish": 1.1373670865716627,
    "AAS": 3.467367086571663,
    "RAAS": 4.677367086571682
  },
  "Logar": {
    "Seed": 0.6024360983933323,
    "skirmish": 0.6024360983933323,
    "Insurgency": 1.9124360983933604,
    "RAAS": 3.8724360983933375,
    "TC": 0.6624360983933348,
    "AAS": 4.332436098393337
  },
  "Kokan": {
    "Invasion": 0.5824360983933323,
    "Insurgency": 2.4824360983933342,
    "skirmish": 0.6024360983933323,
    "RAAS": 1.142436098393333,
    "AAS": 0.8724360983933355
  },
  "Chora": {
    "RAAS": 2.795994499314225,
    "Invasion": 1.2259944993142247,
    "skirmish": 0.2459944993142245,
    "Insurgency": 1.8159944993142296,
    "AAS": 3.0559944993142247
  },
  "Mestia": {
    "AAS": 4.265994499314225,
    "skirmish": 0.2459944993142245,
    "Invasion": -0.03400550068577532,
    "RAAS": 0.01599449931422467,
    "TC": 0.06599449931422427
  },
  "FoolsRoad": {
    "RAAS": 2.8559944993142246,
    "Invasion": 0.05599449931422426,
    "skirmish": 0.2459944993142245,
    "Destruction": 1.1359944993142284,
    "AAS": 1.2859944993142238
  },
  "Narva": {
    "RAAS": 0.24320471675971242,
    "AAS": 1.243204716759705,
    "Invasion": -0.15679528324029476,
    "Destruction": -0.5267952832402951,
    "skirmish": 0.05320471675970484,
    "TA": 0.05320471675970484,
    "TC": 0.5432047167597047
  },
  "Fallujah": {
    "RAAS": 3.6219794139238735,
    "Insurgency": 6.381979413923871,
    "Invasion": 2.70197941392387,
    "Seed": 1.8619794139238706,
    "skirmish": 1.8619794139238706,
    "AAS": 4.641979413923872
  },
  "Belaya": {
    "RAAS": 1.045994499314225,
    "AAS": 3.025994499314229,
    "Invasion": 1.1159944993142243,
    "skirmish": 0.2459944993142245
  },
  "Anvil": {
    "RAAS": 0.43599449931422485,
    "skirmish": 0.2459944993142245,
    "Invasion": 1.0859944993142243,
    "AAS": 1.955994499314231
  },
  "Mutaha": {
    "RAAS": 3.6419794139238704,
    "AAS": 5.81197941392387,
    "TC": 2.1819794139238713,
    "Invasion": 2.2519794139238734,
    "skirmish": 1.8619794139238706
  },
  "Kamdesh": {
    "RAAS": 0.9732047167597138,
    "Invasion": -0.4667952832402952,
    "AAS": 1.8132047167597098,
    "skirmish": 0.05320471675970484,
    "Insurgency": -0.296795283240294,
    "TC": 0.46320471675970487
  },
  "AlBasrah": {
    "Insurgency": -0.4175639016066679,
    "AAS": 3.962436098393352,
    "Invasion": 0.32243609839333587,
    "Seed": 0.6024360983933323,
    "skirmish": 0.6024360983933323,
    "TA": 0.6024360983933323,
    "RAAS": -0.277563901606658
  },
  "Kohat": {
    "RAAS": 2.5259944993142245,
    "Insurgency": 0.3559944993142308,
    "AAS": 1.755994499314235,
    "skirmish": 0.2459944993142245,
    "Invasion": -0.04400550068577533
  },
  "Skorpo": {
    "RAAS": 3.3419794139238856,
    "skirmish": 1.8619794139238706,
    "TC": 4.291979413923875,
    "Invasion": 5.361979413923871,
    "AAS": 0.23197941392387286
  },
  "GooseBay": {
    "RAAS": 1.6559944993142242,
    "Invasion": 0.6759944993142248,
    "AAS": 1.0659944993142298,
    "skirmish": 0.2459944993142245
  },
  "Manic": {
    "RAAS": 3.8924360983933357,
    "AAS": 2.2724360983933405,
    "Invasion": 0.9824360983933536,
    "skirmish": 0.6024360983933323,
    "TC": 1.3124360983933339
  },
  "LashkarValley": {
    "RAAS": 0.42320471675970484,
    "Invasion": 0.28320471675970504,
    "skirmish": 0.05320471675970484,
    "TC": -0.12679528324029476,
    "AAS": 2.633204716759706,
    "Insurgency": 0.04320471675970469
  },
  "Gorodok": {
    "RAAS": 4.067367086571666,
    "AAS": 5.337367086571662,
    "Insurgency": 1.2073670865716675,
    "Invasion": 1.107367086571671,
    "skirmish": 1.1373670865716627,
    "Destruction": 3.4473670865716644
  },
  "BlackCoast": {
    "RAAS": 5.51197941392388,
    "Invasion": 2.8719794139238735,
    "AAS": 11.041979413923872,
    "Seed": 1.8619794139238706,
    "skirmish": 1.8619794139238706
  },
  "Tallil": {
    "RAAS": 1.4232047167597055,
    "Invasion": 0.11320471675970487,
    "Seed": 0.05320471675970484,
    "skirmish": 0.05320471675970484,
    "TA": 0.05320471675970484,
    "TC": -0.8767952832402951,
    "tanks": 0.05320471675970484,
    "AAS": 1.4032047167597073
  },
  "Yehorivka": {
    "RAAS": -0.3226329134283308,
    "AAS": 3.767367086571668,
    "TC": 2.2873670865716713,
    "Destruction": 2.3773670865716667,
    "Invasion": 0.7073670865716679,
    "skirmish": 1.1373670865716627,
    "TA": 1.1373670865716627
  }
}