{
  "Sumari": 0.22233991100550377,
  "Logar": 0,
  "Kokan": 0,
  "Chora": 0,
  "Mestia": 0,
  "FoolsRoad": 0.29230150716663206,
  "Narva": 0.2316476502528784,
  "Fallujah": 0,
  "Belaya": 0,
  "Anvil": 0,
  "Mutaha": 0,
  "Kamdesh": 0,
  "AlBasrah": 0,
  "Kohat": 0,
  "Skorpo": 0,
  "GooseBay": 0,
  "Manic": 0,
  "LashkarValley": 0,
  "Gorodok": 0.14662889649762234,
  "BlackCoast": 0,
  "Tallil": 0,
  "Yehorivka": 0.10708203507736334
}