{
  "Sumari": 0.08059084994404388,
  "Logar": 0.0663774228649417,
  "Kokan": 0,
  "Chora": 0,
  "Mestia": 0.08088688077378486,
  "FoolsRoad": 0,
  "Narva": 0.1412908244467108,
  "Fallujah": 0,
  "Belaya": 0,
  "Anvil": 0,
  "Mutaha": 0.0454072998297912,
  "Kamdesh": 0.12419246043179585,
  "AlBasrah": 0,
  "Kohat": 0,
  "Skorpo": 0.1343917352474314,
  "GooseBay": 0,
  "Manic": 0.11072678672795144,
  "LashkarValley": 0.0703344413436012,
  "Gorodok": 0,
  "BlackCoast": 0,
  "Tallil": 0.005780868030379633,
  "Yehorivka": 0.14002043035956788
}