{
  "Sumari": 0.052596431407258934,
  "Logar": 0.06861202779570764,
  "Kokan": 0.024826134235900126,
  "Chora": 0.06840033299723786,
  "Mestia": 0.01969513875317209,
  "FoolsRoad": 0.08367559176250924,
  "Narva": 0.03462876185387407,
  "Fallujah": 0.02644492832178001,
  "Belaya": 0.03734913565747355,
  "Anvil": 0.025527875691166234,
  "Mutaha": 0.022048330544621478,
  "Kamdesh": 0.05524458224245916,
  "AlBasrah": 0.006125691715672417,
  "Kohat": 0.07232167452978581,
  "Skorpo": 0.031122841356007007,
  "GooseBay": 0.05252275954271838,
  "Manic": 0.08361303675691857,
  "LashkarValley": 0.0454621381991356,
  "Gorodok": 0.07218615682826711,
  "BlackCoast": 0.04895936442488371,
  "Tallil": 0.06655283640272688,
  "Yehorivka": 0.002084228980724147
}