{
  "Sumari": 0.09834260796262326,
  "Logar": 0.12989821223709527,
  "Kokan": 0.14315673062704423,
  "Chora": 0.15342001274336334,
  "Mestia": 0,
  "FoolsRoad": 0,
  "Narva": 0,
  "Fallujah": 0.06218958534570662,
  "Belaya": 0,
  "Anvil": 0,
  "Mutaha": 0,
  "Kamdesh": 0.06479351327767469,
  "AlBasrah": 0.04391982988308093,
  "Kohat": 0.09735445085815254,
  "Skorpo": 0,
  "GooseBay": 0,
  "Manic": 0,
  "LashkarValley": 0.0968873678960223,
  "Gorodok": 0.1100376891692369,
  "BlackCoast": 0,
  "Tallil": 0,
  "Yehorivka": 0
}