{
  "Sumari": 0.07576604041295312,
  "Logar": 0.05543641083357988,
  "Kokan": 0.03928244077074043,
  "Chora": 0.04935575691406877,
  "Mestia": 0.003324552104001623,
  "FoolsRoad": 0.042524041416012445,
  "Narva": 0.047009548882973644,
  "Fallujah": 0.09563164803576135,
  "Belaya": 0.07252430342157531,
  "Anvil": 0.022431239068105097,
  "Mutaha": 0.01229370978049229,
  "Kamdesh": 0.05171723043179266,
  "AlBasrah": 0.008907807871003318,
  "Kohat": 0.019687620272850623,
  "Skorpo": 0.0786984507233702,
  "GooseBay": 0.012661765919974997,
  "Manic": 0.016848506016323768,
  "LashkarValley": 0.06576996739060599,
  "Gorodok": 0.03044083030429783,
  "BlackCoast": 0.09644282844492401,
  "Tallil": 0.022158134783208584,
  "Yehorivka": 0.08108716620138401
}