{
  "Sumari": 0.006504359337352601,
  "Logar": 0,
  "Kokan": 0.05740810736379971,
  "Chora": 0.07056488594775766,
  "Mestia": 0.04235777230080789,
  "FoolsRoad": 0.036353867530206356,
  "Narva": 0.047883201452847884,
  "Fallujah": 0.04406817936490588,
  "Belaya": 0.07941999244529957,
  "Anvil": 0.06099307986305268,
  "Mutaha": 0.018314890498030482,
  "Kamdesh": 0.014109708184236807,
  "AlBasrah": 0.010828570555978878,
  "Kohat": 0.012963666797814221,
  "Skorpo": 0.04002105364430647,
  "GooseBay": 0.06851112724220772,
  "Manic": 0.042441305938578235,
  "LashkarValley": 0.06795989406234702,
  "Gorodok": 0.07590625329342186,
  "BlackCoast": 0.08110012165089181,
  "Tallil": 0.06458458597500558,
  "Yehorivka": 0.057705376551150475
}