{
  "Sumari": {
    "Insurgency": 2.917367086571665,
    "TC": 1.8973670865716714,
    "Invasion": 1.99736708657168,
    "Seed": 1.1373670865716627,
    "skirmish": 1.1373670865716627,
    "AAS": 4.737367086571663,
    "RAAS": 0.8473670865716665
  },
  "Logar": {
    "Seed": 0.6024360983933323,
    "skirmish": 0.6024360983933323,
    "Insurgency": 0.9524360983933327,
    "RAAS": 3.532436098393333,
    "TC": 1.6724360983933326,
    "AAS": 0.3524360983933339
  },
  "Kokan": {
    "Invasion": -0.17756390160666788,
    "Insurgency": -0.31756390160666537,
    "skirmish": 0.6024360983933323,
    "RAAS": 0.7824360983933352,
    "AAS": 0.3024360983933341
  },
  "Chora": {
    "RAAS": 1.2359944993142244,
    "Invasion": -0.4640055006857755,
    "skirmish": 0.2459944993142245,
    "Insurgency": -0.25400550068577554,
    "AAS": -0.4740055006857753
  },
  "Mestia": {
    "AAS": 0.695994499314226,
    "skirmish": 0.2459944993142245,
    "Invasion": -0.024005500685775755,
    "RAAS": -0.3640055006857754,
    "TC": -0.25400550068577554
  },
  "FoolsRoad": {
    "RAAS": -0.7340055006857757,
    "Invasion": 0.23599449931422486,
    "skirmish": 0.2459944993142245,
    "Destruction": 0.49599449931422446,
    "AAS": -0.23400550068577505
  },
  "Narva": {
    "RAAS": 0.45320471675970486,
    "AAS": 0.5432047167597052,
    "Invasion": -0.44679528324029505,
    "Destruction": -0.9867952832402949,
    "skirmish": 0.05320471675970484,
    "TA": 0.05320471675970484,
    "TC": 0.1032047167597053
  },
  "Fallujah": {
    "RAAS": 9.031979413923874,
    "Insurgency": 5.611979413923869,
    "Invasion": 3.15197941392387,
    "Seed": 1.8619794139238706,
    "skirmish": 1.8619794139238706,
    "AAS": 1.6219794139238728
  },
  "Belaya": {
    "RAAS": 2.875994499314225,
    "AAS": -0.4440055006857728,
    "Invasion": 1.0959944993142239,
    "skirmish": 0.2459944993142245
  },
  "Anvil": {
    "RAAS": -0.4440055006857757,
    "skirmish": 0.2459944993142245,
    "Invasion": 0.24599449931422443,
    "AAS": 0.35599449931422456
  },
  "Mutaha": {
    "RAAS": 6.431979413923871,
    "AAS": 6.5519794139238705,
    "TC": 2.381979413923875,
    "Invasion": 1.861979413923895,
    "skirmish": 1.8619794139238706
  },
  "Kamdesh": {
    "RAAS": -0.9567952832402951,
    "Invasion": 0.23320471675970453,
    "AAS": -0.8367952832402954,
    "skirmish": 0.05320471675970484,
    "Insurgency": -0.21679528324029504,
    "TC": -0.7467952832402953
  },
  "AlBasrah": {
    "Insurgency": -0.5075639016066673,
    "AAS": 1.2824360983933358,
    "Invasion": 2.3624360983933315,
    "Seed": 0.6024360983933323,
    "skirmish": 0.6024360983933323,
    "TA": 0.6024360983933323,
    "RAAS": 1.842436098393342
  },
  "Kohat": {
    "RAAS": -0.6840055006857755,
    "Insurgency": -0.5340055006857753,
    "AAS": 0.4059944993142246,
    "skirmish": 0.2459944993142245,
    "Invasion": -0.10400550068577538
  },
  "Skorpo": {
    "RAAS": 0.611979413923879,
    "skirmish": 1.8619794139238706,
    "TC": 3.4719794139238713,
    "Invasion": 2.6219794139238726,
    "AAS": 3.9019794139238786
  },
  "GooseBay": {
    "RAAS": 2.8159944993142245,
    "Invasion": 0.7159944993142244,
    "AAS": 0.19599449931422727,
    "skirmish": 0.2459944993142245
  },
  "Manic": {
    "RAAS": 0.15243609839333236,
    "AAS": 0.15243609839333236,
    "Invasion": 0.512436098393336,
    "skirmish": 0.6024360983933323,
    "TC": 2.502436098393332
  },
  "LashkarValley": {
    "RAAS": 1.4132047167597048,
    "Invasion": 0.04320471675970469,
    "skirmish": 0.05320471675970484,
    "TC": -0.31679528324029493,
    "AAS": 0.3632047167597052,
    "Insurgency": -0.7267952832402952
  },
  "Gorodok": {
    "RAAS": 4.917367086571664,
    "AAS": 2.1073670865716636,
    "Insurgency": -0.4926329134283369,
    "Invasion": 2.1073670865716636,
    "skirmish": 1.1373670865716627,
    "Destruction": 3.0473670865716636
  },
  "BlackCoast": {
    "RAAS": 8.641979413923881,
    "Invasion": 2.5419794139238787,
    "AAS": 1.8819794139238808,
    "Seed": 1.8619794139238706,
    "skirmish": 1.8619794139238706
  },
  "Tallil": {
    "RAAS": -0.4867952832402951,
    "Invasion": -0.4867952832402952,
    "Seed": 0.05320471675970484,
    "skirmish": 0.05320471675970484,
    "TA": 0.05320471675970484,
    "TC": 0.08320471675970484,
    "tanks": 0.05320471675970484,
    "AAS": -0.7167952832402952
  },
  "Yehorivka": {
    "RAAS": 1.2273670865716622,
    "AAS": -0.6626329134283357,
    "TC": 1.647367086571665,
    "Destruction": 3.4673670865716684,
    "Invasion": 1.2573670865716626,
    "skirmish": 1.1373670865716627,
    "TA": 1.1373670865716627
  }
}