{
  "Sumari": 0.0733689615357064,
  "Logar": 0.02999659018530015,
  "Kokan": 0.03738512124766822,
  "Chora": 0.0243556390835286,
  "Mestia": 0.07276491490698943,
  "FoolsRoad": 0.03241713754877982,
  "Narva": 0.08012511661856563,
  "Fallujah": 0.02871351980116606,
  "Belaya": 0.02318993276618545,
  "Anvil": 0.06107335132356781,
  "Mutaha": 0.0785848917680021,
  "Kamdesh": 0.010591713079696734,
  "AlBasrah": 0.04925029762973665,
  "Kohat": 0.06539765193397168,
  "Skorpo": 0.07038732016562417,
  "GooseBay": 0.04707136445243998,
  "Manic": 0.032278588153034506,
  "LashkarValley": 0.07149687854289606,
  "Gorodok": 0.056956728815609974,
  "BlackCoast": 0.034363234256523316,
  "Tallil": 0.015499542519146661,
  "Yehorivka": 0.004731503665860512
}