{
  "Sumari": 0.16269513799248161,
  "Logar": 0.11530121356139499,
  "Kokan": 0.10451001189547164,
  "Chora": 0.10334684731165927,
  "Mestia": 0,
  "FoolsRoad": 0,
  "Narva": 0,
  "Fallujah": 0.16226293787128315,
  "Belaya": 0,
  "Anvil": 0,
  "Mutaha": 0,
  "Kamdesh": 0.14821903768894581,
  "AlBasrah": 0.016838929401279117,
  "Kohat": 0.10435050761106582,
  "Skorpo": 0,
  "GooseBay": 0,
  "Manic": 0,
  "LashkarValley": 0.05127651374460515,
  "Gorodok": 0.031198862921813515,
  "BlackCoast": 0,
  "Tallil": 0,
  "Yehorivka": 0
}