{
  "Sumari": 0.05036371353895051,
  "Logar": 0.13358418699586136,
  "Kokan": 0,
  "Chora": 0,
  "Mestia": 0.03884795864161713,
  "FoolsRoad": 0,
  "Narva": 0.12329815905375421,
  "Fallujah": 0,
  "Belaya": 0,
  "Anvil": 0,
  "Mutaha": 0.10834898160182471,
  "Kamdesh": 0.008067381640769363,
  "AlBasrah": 0,
  "Kohat": 0,
  "Skorpo": 0.13064915720975406,
  "GooseBay": 0,
  "Manic": 0.18000523107149236,
  "LashkarValley": 0.07065701720755715,
  "Gorodok": 0,
  "BlackCoast": 0,
  "Tallil": 0.11594727365265785,
  "Yehorivka": 0.04023093938576113
}