{
  "Sumari": 0.0029335945632569618,
  "Logar": 0.08818830343472213,
  "Kokan": 0.041376670734732515,
  "Chora": 0.07232589591125048,
  "Mestia": 0.012657811165885107,
  "FoolsRoad": 0.013277694615005957,
  "Narva": 0.04865828548719127,
  "Fallujah": 0.057827779646187016,
  "Belaya": 0.10539794654408532,
  "Anvil": 0.013024405492209708,
  "Mutaha": 0.014248830252780198,
  "Kamdesh": 0.0018261462384637302,
  "AlBasrah": 0.04118442285057832,
  "Kohat": 0.009937936202329578,
  "Skorpo": 0.017831266494861626,
  "GooseBay": 0.10381883824970586,
  "Manic": 0.032050586219042686,
  "LashkarValley": 0.08848079057296884,
  "Gorodok": 0.07824703147390226,
  "BlackCoast": 0.09938083712100403,
  "Tallil": 0.02684849558436618,
  "Yehorivka": 0.030476431145470276
}