{
  "Sumari": 0.041191160645433246,
  "Logar": 0,
  "Kokan": 0,
  "Chora": 0,
  "Mestia": 0,
  "FoolsRoad": 0.3756388802054411,
  "Narva": 0.10843306538932959,
  "Fallujah": 0,
  "Belaya": 0,
  "Anvil": 0,
  "Mutaha": 0,
  "Kamdesh": 0,
  "AlBasrah": 0,
  "Kohat": 0,
  "Skorpo": 0,
  "GooseBay": 0,
  "Manic": 0,
  "LashkarValley": 0,
  "Gorodok": 0.3049561112865154,
  "BlackCoast": 0,
  "Tallil": 0,
  "Yehorivka": 0.1697807824732806
}