{
  "Sumari": 0.018678415063582497,
  "Logar": 0,
  "Kokan": 0.03499497570282456,
  "Chora": 0.03100263126839038,
  "Mestia": 0.030456167786222527,
  "FoolsRoad": 0.048293560763387734,
  "Narva": 0.01609734300694683,
  "Fallujah": 0.009615812281692742,
  "Belaya": 0.06804653428274864,
  "Anvil": 0.06228848831227171,
  "Mutaha": 0.05594148082605088,
  "Kamdesh": 0.06223963232599653,
  "AlBasrah": 0.07560526776368343,
  "Kohat": 0.05862577141828087,
  "Skorpo": 0.037018871471921413,
  "GooseBay": 0.07326728666843028,
  "Manic": 0.07230627475400454,
  "LashkarValley": 0.0556742296836133,
  "Gorodok": 0.056253185084886734,
  "BlackCoast": 0.058042432189548944,
  "Tallil": 0.030838277890194443,
  "Yehorivka": 0.044713361455320996
}