{
  "Sumari": {
    "Insurgency": 2.897367086571667,
    "TC": 2.3273670865716642,
    "Invasion": 2.30736708657167,
    "Seed": 1.1373670865716627,
    "skirmish": 1.1373670865716627,
    "AAS": 2.6273670865716623,
    "RAAS": 3.817367086571675
  },
  "Logar": {
    "Seed": 0.6024360983933323,
    "skirmish": 0.6024360983933323,
    "Insurgency": 1.95243609839334,
    "RAAS": -0.027563901606667968,
    "TC": 2.7324360983933342,
    "AAS": 0.032436098393332474
  },
  "Kokan": {
    "Invasion": -0.6875639016066675,
    "Insurgency": 1.5524360983933339,
    "skirmish": 0.6024360983933323,
    "RAAS": -0.05756390160666766,
    "AAS": 0.5124360983933351
  },
  "Chora": {
    "RAAS": 0.11599449931422443,
    "Invasion": 0.04599449931422492,
    "skirmish": 0.2459944993142245,
    "Insurgency": -0.8740055006857756,
    "AAS": -0.6940055006857754
  },
  "Mestia": {
    "AAS": 1.0859944993142245,
    "skirmish": 0.2459944993142245,
    "Invasion": -0.10400550068577538,
    "RAAS": 0.9659944993142242,
    "TC": 0.25599449931422447
  },
  "FoolsRoad": {
    "RAAS": 1.1659944993142244,
    "Invasion": -0.9340055006857757,
    "skirmish": 0.2459944993142245,
    "Destruction": 1.655994499314225,
    "AAS": 0.6359944993142244
  },
  "Narva": {
    "RAAS": -0.5967952832402952,
    "AAS": -0.006795283240295089,
    "Invasion": -0.9067952832402951,
    "Destruction": -0.05679528324029512,
    "skirmish": 0.05320471675970484,
    "TA": 0.05320471675970484,
    "TC": -0.9367952832402952
  },
  "Fallujah": {
    "RAAS": 4.231979413923872,
    "Insurgency": 2.991979413923871,
    "Invasion": 2.87197941392387,
    "Seed": 1.8619794139238706,
    "skirmish": 1.8619794139238706,
    "AAS": 6.75197941392387
  },
  "Belaya": {
    "RAAS": 1.1159944993142248,
    "AAS": -0.27400550068577534,
    "Invasion": -0.9640055006857753,
    "skirmish": 0.2459944993142245
  },
  "Anvil": {
    "RAAS": 1.575994499314224,
    "skirmish": 0.2459944993142245,
    "Invasion": -0.024005500685775755,
    "AAS": 0.6159944993142246
  },
  "Mutaha": {
    "RAAS": 6.381979413923869,
    "AAS": 4.49197941392387,
    "TC": 2.771979413923871,
    "Invasion": 3.221979413923873,
    "skirmish": 1.8619794139238706
  },
  "Kamdesh": {
    "RAAS": 0.42320471675970484,
    "Invasion": -0.3967952832402951,
    "AAS": 0.3532047167597048,
    "skirmish": 0.05320471675970484,
    "Insurgency": -0.9467952832402942,
    "TC": -0.4067952832402951
  },
  "AlBasrah": {
    "Insurgency": 1.3824360983933324,
    "AAS": -0.5475639016066665,
    "Invasion": 1.2624360983933354,
    "Seed": 0.6024360983933323,
    "skirmish": 0.6024360983933323,
    "TA": 0.6024360983933323,
    "RAAS": 2.9024360983933315
  },
  "Kohat": {
    "RAAS": -0.7540055006857755,
    "Insurgency": -0.42400550068576903,
    "AAS": 0.24599449931422443,
    "skirmish": 0.2459944993142245,
    "Invasion": 0.2959944993142245
  },
  "Skorpo": {
    "RAAS": 5.711979413923871,
    "skirmish": 1.8619794139238706,
    "TC": 2.7619794139238723,
    "Invasion": 4.98197941392387,
    "AAS": 4.521979413923873
  },
  "GooseBay": {
    "RAAS": 0.7459944993142245,
    "Invasion": -0.8940055006857752,
    "AAS": -0.7540055006857755,
    "skirmish": 0.2459944993142245
  },
  "Manic": {
    "RAAS": 3.5224360983933316,
    "AAS": 1.3724360983933377,
    "Invasion": 1.9724360983933396,
    "skirmish": 0.6024360983933323,
    "TC": 2.0724360983933323
  },
  "LashkarValley": {
    "RAAS": 0.3932047167597048,
    "Invasion": 0.0432047167597048,
    "skirmish": 0.05320471675970484,
    "TC": -0.09679528324029515,
    "AAS": 0.9132047167597048,
    "Insurgency": -0.3967952832402951
  },
  "Gorodok": {
    "RAAS": 0.0673670865716631,
    "AAS": 3.5373670865716633,
    "Insurgency": 1.7373670865716668,
    "Invasion": -0.5226329134283367,
    "skirmish": 1.1373670865716627,
    "Destruction": 2.227367086571664
  },
  "BlackCoast": {
    "RAAS": 3.331979413923877,
    "Invasion": 2.811979413923872,
    "AAS": 5.971979413923874,
    "Seed": 1.8619794139238706,
    "skirmish": 1.8619794139238706
  },
  "Tallil": {
    "RAAS": 0.4132047167597048,
    "Invasion": 0.05320471675970481,
    "Seed": 0.05320471675970484,
    "skirmish": 0.05320471675970484,
    "TA": 0.05320471675970484,
    "TC": -0.42679528324029514,
    "tanks": 0.05320471675970484,
    "AAS": -0.7167952832402951
  },
  "Yehorivka": {
    "RAAS": 4.627367086571667,
    "AAS": -0.6126329134283368,
    "TC": 1.1373670865716627,
    "Destruction": 0.7673670865716631,
    "Invasion": 1.687367086571666,
    "skirmish": 1.1373670865716627,
    "TA": 1.1373670865716627
  }
}