{
  "Sumari": 0.035788671130762346,
  "Logar": 0,
  "Kokan": 0,
  "Chora": 0,
  "Mestia": 0,
  "FoolsRoad": 0.29570892244287245,
  "Narva": 0.33287570838943237,
  "Fallujah": 0,
  "Belaya": 0,
  "Anvil": 0,
  "Mutaha": 0,
  "Kamdesh": 0,
  "AlBasrah": 0,
  "Kohat": 0,
  "Skorpo": 0,
  "GooseBay": 0,
  "Manic": 0,
  "LashkarValley": 0,
  "Gorodok": 0.18931847078776842,
  "BlackCoast": 0,
  "Tallil": 0,
  "Yehorivka": 0.14630822724916426
}