{
  "Sumari": 0.09512127959731334,
  "Logar": 0.07917878578568256,
  "Kokan": 0.2040044351925049,
  "Chora": 0.012715573357844082,
  "Mestia": 0,
  "FoolsRoad": 0,
  "Narva": 0,
  "Fallujah": 0.09893345712926169,
  "Belaya": 0,
  "Anvil": 0,
  "Mutaha": 0,
  "Kamdesh": 0.008191890641182222,
  "AlBasrah": 0.14543020632867568,
  "Kohat": 0.052913040811739386,
  "Skorpo": 0,
  "GooseBay": 0,
  "Manic": 0,
  "LashkarValley": 0.10499389178252795,
  "Gorodok": 0.19851743937326816,
  "BlackCoast": 0,
  "Tallil": 0,
  "Yehorivka": 0
}