{
  "Sumari": 0.04603118389715641,
  "Logar": 0.012594665294445003,
  "Kokan": 0.022769889614933696,
  "Chora": 0.038755648769595946,
  "Mestia": 0.05066197532307058,
  "FoolsRoad": 0.057930981261115254,
  "Narva": 0.008213549356747875,
  "Fallujah": 0.024841986948497163,
  "Belaya": 0.0747152931775363,
  "Anvil": 0.07212936854585034,
  "Mutaha": 0.05919720238858655,
  "Kamdesh": 0.05153013416154597,
  "AlBasrah": 0.06709691504984637,
  "Kohat": 0.005530720128315341,
  "Skorpo": 0.07596729317905555,
  "GooseBay": 0.05568225835903685,
  "Manic": 0.07845042733682918,
  "LashkarValley": 0.03997849001505065,
  "Gorodok": 0.009726342258928659,
  "BlackCoast": 0.023105049488525816,
  "Tallil": 0.05367374848764955,
  "Yehorivka": 0.07141687695768091
}