{
  "Sumari": 0.1384842339797889,
  "Logar": 0.05440193065396855,
  "Kokan": 0,
  "Chora": 0,
  "Mestia": 0.14120166333959666,
  "FoolsRoad": 0,
  "Narva": 0.005886786085866475,
  "Fallujah": 0,
  "Belaya": 0,
  "Anvil": 0,
  "Mutaha": 0.07922468066382304,
  "Kamdesh": 0.10425693031935898,
  "AlBasrah": 0,
  "Kohat": 0,
  "Skorpo": 0.03959911873411506,
  "GooseBay": 0,
  "Manic": 0.13957357228706216,
  "LashkarValley": 0.09958511963907649,
  "Gorodok": 0,
  "BlackCoast": 0,
  "Tallil": 0.054315298878284145,
  "Yehorivka": 0.1434706654190596
}