{
  "Sumari": 0.06379216101280845,
  "Logar": 0,
  "Kokan": 0.013646358284118268,
  "Chora": 0.061416374392251234,
  "Mestia": 0.05476817963805147,
  "FoolsRoad": 0.006397524297358922,
  "Narva": 0.007627040992738957,
  "Fallujah": 0.039118406548542255,
  "Belaya": 0.0014597526192683845,
  "Anvil": 0.057405252878099576,
  "Mutaha": 0.05897450382235858,
  "Kamdesh": 0.04143808287819177,
  "AlBasrah": 0.07181439042720847,
  "Kohat": 0.060841797766589364,
  "Skorpo": 0.0867097854966474,
  "GooseBay": 0.014236725121631278,
  "Manic": 0.09307684261071056,
  "LashkarValley": 0.08190181498800245,
  "Gorodok": 0.013927027718213416,
  "BlackCoast": 0.03709239305238809,
  "Tallil": 0.08819774768389192,
  "Yehorivka": 0.046157837770929216
}