{
  "Sumari": 0.03824206555568518,
  "Logar": 0.023473158627670864,
  "Kokan": 0.047510688224964535,
  "Chora": 0.013302902237433408,
  "Mestia": 0.06586374325106173,
  "FoolsRoad": 0.048844518579678316,
  "Narva": 0.05205066756276301,
  "Fallujah": 0.0686088805738322,
  "Belaya": 0.040066666959474355,
  "Anvil": 0.049223362151685726,
  "Mutaha": 0.0758395647206279,
  "Kamdesh": 0.06951475493828996,
  "AlBasrah": 0.01880006002209876,
  "Kohat": 0.035317899118858485,
  "Skorpo": 0.04685160205004073,
  "GooseBay": 0.0125162991271364,
  "Manic": 0.06803164900754716,
  "LashkarValley": 0.07663333639614867,
  "Gorodok": 0.061327649149955386,
  "BlackCoast": 0.06848008864064986,
  "Tallil": 0.014410897972639461,
  "Yehorivka": 0.005089545131757854
}