{
  "Sumari": {
    "Insurgency": 2.6973670865716644,
    "TC": 1.7273670865716624,
    "Invasion": -0.4626329134283369,
    "Seed": 1.1373670865716627,
    "skirmish": 1.1373670865716627,
    "AAS": 0.7373670865716642,
    "RAAS": 5.017367086571662
  },
  "Logar": {
    "Seed": 0.6024360983933323,
    "skirmish": 0.6024360983933323,
    "Insurgency": 1.242436098393332,
    "RAAS": -0.08756390160666758,
    "TC": 0.5824360983933343,
    "AAS": 2.752436098393332
  },
  "Kokan": {
    "Invasion": 2.1024360983933326,
    "Insurgency": 3.0024360983933356,
    "skirmish": 0.6024360983933323,
    "RAAS": 2.922436098393332,
    "AAS": 2.172436098393334
  },
  "Chora": {
    "RAAS": 2.2659944993142282,
    "Invasion": 1.1259944993142246,
    "skirmish": 0.2459944993142245,
    "Insurgency": 0.2059944993142244,
    "AAS": 2.0159944993142274
  },
  "Mestia": {
    "AAS": -0.14400550068577297,
    "skirmish": 0.2459944993142245,
    "Invasion": 0.9159944993142248,
    "RAAS": 1.2459944993142245,
    "TC": 0.07599449931422428
  },
  "FoolsRoad": {
    "RAAS": -0.9940055006857753,
    "Invasion": -0.18400550068577545,
    "skirmish": 0.2459944993142245,
    "Destruction": 1.3259944993142243,
    "AAS": 1.3659944993142246
  },
  "Narva": {
    "RAAS": 0.583204716759705,
    "AAS": 0.603204716759705,
    "Invasion": -0.3867952832402951,
    "Destruction": -0.846795283240295,
    "skirmish": 0.05320471675970484,
    "TA": 0.05320471675970484,
    "TC": -0.32679528324029494
  },
  "Fallujah": {
    "RAAS": 1.2119794139238724,
    "Insurgency": 3.1519794139238693,
    "Invasion": 2.691979413923871,
    "Seed": 1.8619794139238706,
    "skirmish": 1.8619794139238706,
    "AAS": 3.5119794139238723
  },
  "Belaya": {
    "RAAS": 1.3859944993142244,
    "AAS": -0.24400550068577528,
    "Invasion": 1.1159944993142243,
    "skirmish": 0.2459944993142245
  },
  "Anvil": {
    "RAAS": -0.7940055006857751,
    "skirmish": 0.2459944993142245,
    "Invasion": -0.2440055006857755,
    "AAS": -0.384005500685773
  },
  "Mutaha": {
    "RAAS": 5.961979413923871,
    "AAS": 5.84197941392387,
    "TC": 2.431979413923873,
    "Invasion": 2.341979413923874,
    "skirmish": 1.8619794139238706
  },
  "Kamdesh": {
    "RAAS": -0.5867952832402952,
    "Invasion": 0.3032047167597052,
    "AAS": 0.2932047167597047,
    "skirmish": 0.05320471675970484,
    "Insurgency": 0.0432047167597048,
    "TC": -0.9767952832402951
  },
  "AlBasrah": {
    "Insurgency": 0.012436098393333136,
    "AAS": 0.5424360983933321,
    "Invasion": 0.04243609839333248,
    "Seed": 0.6024360983933323,
    "skirmish": 0.6024360983933323,
    "TA": 0.6024360983933323,
    "RAAS": 2.8424360983933328
  },
  "Kohat": {
    "RAAS": 1.0659944993142243,
    "Insurgency": 0.33599449931422454,
    "AAS": 0.28599449931422405,
    "skirmish": 0.2459944993142245,
    "Invasion": 0.7459944993142245
  },
  "Skorpo": {
    "RAAS": 3.001979413923877,
    "skirmish": 1.8619794139238706,
    "TC": 1.3519794139238828,
    "Invasion": 0.9419794139238791,
    "AAS": 3.4619794139238858
  },
  "GooseBay": {
    "RAAS": 0.14599449931422434,
    "Invasion": 0.895994499314227,
    "AAS": 0.8959944993142241,
    "skirmish": 0.2459944993142245
  },
  "Manic": {
    "RAAS": -0.2375639016066675,
    "AAS": 0.8224360983933325,
    "Invasion": 2.122436098393332,
    "skirmish": 0.6024360983933323,
    "TC": -0.6575639016066674
  },
  "LashkarValley": {
    "RAAS": -0.4967952832402951,
    "Invasion": -0.9467952832402952,
    "skirmish": 0.05320471675970484,
    "TC": -0.06679528324029513,
    "AAS": 0.05320471675970492,
    "Insurgency": 0.05320471675970481
  },
  "Gorodok": {
    "RAAS": 5.377367086571661,
    "AAS": 4.1073670865716645,
    "Insurgency": 0.647367086571663,
    "Invasion": 2.1273670865716676,
    "skirmish": 1.1373670865716627,
    "Destruction": 1.937367086571668
  },
  "BlackCoast": {
    "RAAS": 6.2019794139238815,
    "Invasion": 1.861979413923895,
    "AAS": 2.401979413923873,
    "Seed": 1.8619794139238706,
    "skirmish": 1.8619794139238706
  },
  "Tallil": {
    "RAAS": 0.3532047167597048,
    "Invasion": -0.44679528324029516,
    "Seed": 0.05320471675970484,
    "skirmish": 0.05320471675970484,
    "TA": 0.05320471675970484,
    "TC": -0.30679528324029504,
    "tanks": 0.05320471675970484,
    "AAS": -0.0067952832402948665
  },
  "Yehorivka": {
    "RAAS": 1.207367086571665,
    "AAS": 4.267367086571661,
    "TC": 2.9773670865716673,
    "Destruction": 0.6873670865716628,
    "Invasion": 2.0973670865716665,
    "skirmish": 1.1373670865716627,
    "TA": 1.1373670865716627
  }
}