{
  "Sumari": 0.12486430060863421,
  "Logar": 0.10473188658684335,
  "Kokan": 0,
  "Chora": 0,
  "Mestia": 0.10897027945281011,
  "FoolsRoad": 0,
  "Narva": 0.09664130302493228,
  "Fallujah": 0,
  "Belaya": 0,
  "Anvil": 0,
  "Mutaha": 0.12024767962503947,
  "Kamdesh": 0.012806463156437986,
  "AlBasrah": 0,
  "Kohat": 0,
  "Skorpo": 0.034183839625073854,
  "GooseBay": 0,
  "Manic": 0.025059893650083744,
  "LashkarValley": 0.15479137078912053,
  "Gorodok": 0,
  "BlackCoast": 0,
  "Tallil": 0.14749213178770668,
  "Yehorivka": 0.07021085169331764
}