{
  "Sumari": 0.18789756439775687,
  "Logar": 0.135928937324549,
  "Kokan": 0.03130283180416067,
  "Chora": 0.05273997319734721,
  "Mestia": 0,
  "FoolsRoad": 0,
  "Narva": 0,
  "Fallujah": 0.023476772428432394,
  "Belaya": 0,
  "Anvil": 0,
  "Mutaha": 0,
  "Kamdesh": 0.12273206747965432,
  "AlBasrah": 0.04817405592728954,
  "Kohat": 0.15609251129123244,
  "Skorpo": 0,
  "GooseBay": 0,
  "Manic": 0,
  "LashkarValley": 0.1425030579304863,
  "Gorodok": 0.09915222821909124,
  "BlackCoast": 0,
  "Tallil": 0,
  "Yehorivka": 0
}