{
  "Sumari": 0.0002657184261573342,
  "Logar": 0,
  "Kokan": 0.031573540064082486,
  "Chora": 0.059468217637421175,
  "Mestia": 0.0743426369883051,
  "FoolsRoad": 0.014122016733794549,
  "Narva": 0.04848096627513488,
  "Fallujah": 0.02588125663643895,
  "Belaya": 0.060434661228873005,
  "Anvil": 0.024708705851286643,
  "Mutaha": 0.010442982459653178,
  "Kamdesh": 0.07047643058566473,
  "AlBasrah": 0.032582955211423514,
  "Kohat": 0.07893982855636143,
  "Skorpo": 0.07709446093398692,
  "GooseBay": 0.05163581056215659,
  "Manic": 0.07985853835771929,
  "LashkarValley": 0.003791661371295535,
  "Gorodok": 0.06387926375489578,
  "BlackCoast": 0.07507178454727496,
  "Tallil": 0.051039954815015574,
  "Yehorivka": 0.06590860900305835
}