{
  "Sumari": 0.07328420259776793,
  "Logar": 0.021306302692980093,
  "Kokan": 0.059199627963277636,
  "Chora": 0.07672491606889385,
  "Mestia": 0.07639610737873491,
  "FoolsRoad": 0.0035027409975962147,
  "Narva": 0.06054508534860064,
  "Fallujah": 0.011000594769955106,
  "Belaya": 0.07358961041411727,
  "Anvil": 0.009638331309609009,
  "Mutaha": 0.05286494215876701,
  "Kamdesh": 0.012663366802530048,
  "AlBasrah": 0.0696176861249433,
  "Kohat": 0.08065092046523162,
  "Skorpo": 0.03232964550203784,
  "GooseBay": 0.036060061865065,
  "Manic": 0.01928148484924213,
  "LashkarValley": 0.01963703049568657,
  "Gorodok": 0.0732286916800851,
  "BlackCoast": 0.06253486288248786,
  "Tallil": 0.05169919511813696,
  "Yehorivka": 0.02424459251425395
}