{
  "Sumari": 0.14361042996093715,
  "Logar": 0,
  "Kokan": 0,
  "Chora": 0,
  "Mestia": 0,
  "FoolsRoad": 0.29704571722133544,
  "Narva": 0.13451838734880664,
  "Fallujah": 0,
  "Belaya": 0,
  "Anvil": 0,
  "Mutaha": 0,
  "Kamdesh": 0,
  "AlBasrah": 0,
  "Kohat": 0,
  "Skorpo": 0,
  "GooseBay": 0,
  "Manic": 0,
  "LashkarValley": 0,
  "Gorodok": 0.2146005521455976,
  "BlackCoast": 0,
  "Tallil": 0,
  "Yehorivka": 0.21022491332332327
}