{
  "Sumari": 0.020637312024873115,
  "Logar": 0.0743357475627015,
  "Kokan": 0.04277536053357598,
  "Chora": 0.06600518716345656,
  "Mestia": 0.028936697547198884,
  "FoolsRoad": 0.07055622378723997,
  "Narva": 0.0664644494324115,
  "Fallujah": 0.03956351672140227,
  "Belaya": 0.03177656848431424,
  "Anvil": 0.020344340602479825,
  "Mutaha": 0.048806326443737724,
  "Kamdesh": 0.055109872517163115,
  "AlBasrah": 0.0333396008850658,
  "Kohat": 0.04635081808462342,
  "Skorpo": 0.018249554383709267,
  "GooseBay": 0.062256318361270144,
  "Manic": 0.043147686233107954,
  "LashkarValley": 0.048510845614890295,
  "Gorodok": 0.05685445909600132,
  "BlackCoast": 0.02907482805196658,
  "Tallil": 0.04200820486815217,
  "Yehorivka": 0.054896081600658425
}