{
  "Sumari": {
    "Insurgency": 2.3173670865716636,
    "TC": 0.11736708657166292,
    "Invasion": 2.3573670865716645,
    "Seed": 1.1373670865716627,
    "skirmish": 1.1373670865716627,
    "AAS": 4.087367086571662,
    "RAAS": 3.517367086571662
  },
  "Logar": {
    "Seed": 0.6024360983933323,
    "skirmish": 0.6024360983933323,
    "Insurgency": -0.21756390160666791,
    "RAAS": 0.8924360983933324,
    "TC": 3.1324360983933346,
    "AAS": 0.6524360983933324
  },
  "Kokan": {
    "Invasion": 1.322436098393332,
    "Insurgency": 1.6024360983933366,
    "skirmish": 0.6024360983933323,
    "RAAS": -0.5075639016066676,
    "AAS": 4.102436098393332
  },
  "Chora": {
    "RAAS": -0.37400550068577565,
    "Invasion": 1.4259944993142244,
    "skirmish": 0.2459944993142245,
    "Insurgency": 1.2559944993142245,
    "AAS": -0.134005500685773
  },
  "Mestia": {
    "AAS": 0.40599449931422704,
    "skirmish": 0.2459944993142245,
    "Invasion": -0.25400550068577554,
    "RAAS": 0.24599449931422443,
    "TC": 1.1559944993142244
  },
  "FoolsRoad": {
    "RAAS": 0.18599449931422482,
    "Invasion": 0.7059944993142244,
    "skirmish": 0.2459944993142245,
    "Destruction": 2.035994499314228,
    "AAS": -0.014005500685775316
  },
  "Narva": {
    "RAAS": -0.876795283240295,
    "AAS": -0.1267952832402952,
    "Invasion": -0.43679528324029515,
    "Destruction": -0.8167952832402949,
    "skirmish": 0.05320471675970484,
    "TA": 0.05320471675970484,
    "TC": 1.103204716759705
  },
  "Fallujah": {
    "RAAS": -0.9480205860761279,
    "Insurgency": 3.2619794139238705,
    "Invasion": 3.2119794139238707,
    "Seed": 1.8619794139238706,
    "skirmish": 1.8619794139238706,
    "AAS": 4.861979413923871
  },
  "Belaya": {
    "RAAS": -0.7140055006857753,
    "AAS": 0.7759944993142247,
    "Invasion": 0.24599449931422443,
    "skirmish": 0.2459944993142245
  },
  "Anvil": {
    "RAAS": 0.5359944993142247,
    "skirmish": 0.2459944993142245,
    "Invasion": -0.7340055006857755,
    "AAS": 0.615994499314227
  },
  "Mutaha": {
    "RAAS": 4.021979413923869,
    "AAS": 6.33197941392387,
    "TC": 1.5319794139238745,
    "Invasion": 1.491979413923874,
    "skirmish": 1.8619794139238706
  },
  "Kamdesh": {
    "RAAS": 0.9132047167597048,
    "Invasion": 0.07320471675970494,
    "AAS": 1.953204716759713,
    "skirmish": 0.05320471675970484,
    "Insurgency": 0.553204716759705,
    "TC": 0.9432047167597049
  },
  "AlBasrah": {
    "Insurgency": 1.1224360983933337,
    "AAS": 1.1024360983933326,
    "Invasion": 1.6624360983933348,
    "Seed": 0.6024360983933323,
    "skirmish": 0.6024360983933323,
    "TA": 0.6024360983933323,
    "RAAS": -0.5275639016066673
  },
  "Kohat": {
    "RAAS": -0.09400550068577582,
    "Insurgency": -0.6840055006857755,
    "AAS": 0.24599449931422443,
    "skirmish": 0.2459944993142245,
    "Invasion": -0.7540055006857755
  },
  "Skorpo": {
    "RAAS": 2.7119794139238707,
    "skirmish": 1.8619794139238706,
    "TC": 2.2319794139238764,
    "Invasion": 1.861979413923887,
    "AAS": 2.8419794139238714
  },
  "GooseBay": {
    "RAAS": 0.6259944993142244,
    "Invasion": -0.2340055006857755,
    "AAS": 1.6259944993142241,
    "skirmish": 0.2459944993142245
  },
  "Manic": {
    "RAAS": -0.9975639016066673,
    "AAS": -0.19756390160666745,
    "Invasion": -0.17756390160666743,
    "skirmish": 0.6024360983933323,
    "TC": 1.1324360983933324
  },
  "LashkarValley": {
    "RAAS": -0.416795283240295,
    "Invasion": -0.9467952832402952,
    "skirmish": 0.05320471675970484,
    "TC": -0.06679528324029513,
    "AAS": -0.936795283240295,
    "Insurgency": 0.05320471675970481
  },
  "Gorodok": {
    "RAAS": 1.937367086571668,
    "AAS": 4.267367086571662,
    "Insurgency": 0.197367086571663,
    "Invasion": 0.4073670865716652,
    "skirmish": 1.1373670865716627,
    "Destruction": 2.4973670865716633
  },
  "BlackCoast": {
    "RAAS": 5.451979413923878,
    "Invasion": 2.0919794139238848,
    "AAS": 1.4419794139238729,
    "Seed": 1.8619794139238706,
    "skirmish": 1.8619794139238706
  },
  "Tallil": {
    "RAAS": -0.846795283240295,
    "Invasion": -0.1767952832402949,
    "Seed": 0.05320471675970484,
    "skirmish": 0.05320471675970484,
    "TA": 0.05320471675970484,
    "TC": 0.5132047167597048,
    "tanks": 0.05320471675970484,
    "AAS": 0.803204716759705
  },
  "Yehorivka": {
    "RAAS": 3.187367086571663,
    "AAS": 3.0373670865716615,
    "TC": 4.147367086571666,
    "Destruction": 1.647367086571664,
    "Invasion": 2.337367086571663,
    "skirmish": 1.1373670865716627,
    "TA": 1.1373670865716627
  }
}