{
  "Sumari": 0.12747902934484212,
  "Logar": 0,
  "Kokan": 0,
  "Chora": 0,
  "Mestia": 0,
  "FoolsRoad": 0.35897248068524856,
  "Narva": 0.15120638731764496,
  "Fallujah": 0,
  "Belaya": 0,
  "Anvil": 0,
  "Mutaha": 0,
  "Kamdesh": 0,
  "AlBasrah": 0,
  "Kohat": 0,
  "Skorpo": 0,
  "GooseBay": 0,
  "Manic": 0,
  "LashkarValley": 0,
  "Gorodok": 0.2540868596871007,
  "BlackCoast": 0,
  "Tallil": 0,
  "Yehorivka": 0.10825524296516362
}