{
  "Sumari": 0.06952116482265096,
  "Logar": 0.04841342339618608,
  "Kokan": 0.06550903238770418,
  "Chora": 0.011423100526658384,
  "Mestia": 0.04945660596208674,
  "FoolsRoad": 0.014121985023911307,
  "Narva": 0.03597018727652539,
  "Fallujah": 0.08546628055478532,
  "Belaya": 0.05476803108006008,
  "Anvil": 0.05180464489469562,
  "Mutaha": 0.06477624880624534,
  "Kamdesh": 0.085802380864394,
  "AlBasrah": 0.03773103760678759,
  "Kohat": 0.04498187052443659,
  "Skorpo": 0.02871508779999806,
  "GooseBay": 0.06843065272879395,
  "Manic": 0.007791079864070151,
  "LashkarValley": 0.0017853849092752789,
  "Gorodok": 0.07826209012512353,
  "BlackCoast": 0.008473799238106972,
  "Tallil": 0.06401286796772562,
  "Yehorivka": 0.02278304363977899
}