{
  "Sumari": 0.09104891135895989,
  "Logar": 0,
  "Kokan": 0.07392495326835118,
  "Chora": 0.10378913792710943,
  "Mestia": 0.03460157316905703,
  "FoolsRoad": 0.09534268758884797,
  "Narva": 0.02837896817086945,
  "Fallujah": 0.03285573391364447,
  "Belaya": 0.051910977915878974,
  "Anvil": 0.02306590773379176,
  "Mutaha": 0.03228115107898056,
  "Kamdesh": 0.07047106026482541,
  "AlBasrah": 0.07164648370889531,
  "Kohat": 0.013417292176938244,
  "Skorpo": 0.03265588819314754,
  "GooseBay": 0.047631413546237546,
  "Manic": 0.024879745753602342,
  "LashkarValley": 0.0012208311094891562,
  "Gorodok": 0.022252663958721497,
  "BlackCoast": 0.008828396329304832,
  "Tallil": 0.05696659263677831,
  "Yehorivka": 0.082829630196569
}