{
  "Sumari": 0.07610948239850651,
  "Logar": 0.06303774872155408,
  "Kokan": 0.01746240032317586,
  "Chora": 0.024518899685518795,
  "Mestia": 0.0532648799142172,
  "FoolsRoad": 0.05915788981141631,
  "Narva": 0.014995735926309288,
  "Fallujah": 0.0011966684662534932,
  "Belaya": 0.005831732453139963,
  "Anvil": 0.07437835212280634,
  "Mutaha": 0.04552649445902881,
  "Kamdesh": 0.09671291687081784,
  "AlBasrah": 0.01326436673068812,
  "Kohat": 0.04420453334533513,
  "Skorpo": 0.06357786186802063,
  "GooseBay": 0.06672072792637433,
  "Manic": 0.0000013545166754372146,
  "LashkarValley": 0.043387750832046997,
  "Gorodok": 0.053121221041515086,
  "BlackCoast": 0.09802986655956247,
  "Tallil": 0.0114355974924879,
  "Yehorivka": 0.07406351853454939
}