{
  "Sumari": 0.08298768508232396,
  "Logar": 0.06950176938385909,
  "Kokan": 0.09538003578667906,
  "Chora": 0.15272215247109416,
  "Mestia": 0,
  "FoolsRoad": 0,
  "Narva": 0,
  "Fallujah": 0.09232832881536857,
  "Belaya": 0,
  "Anvil": 0,
  "Mutaha": 0,
  "Kamdesh": 0.17611546035851022,
  "AlBasrah": 0.08353794046384397,
  "Kohat": 0.03885582428211945,
  "Skorpo": 0,
  "GooseBay": 0,
  "Manic": 0,
  "LashkarValley": 0.14041509039020106,
  "Gorodok": 0.06815571296600047,
  "BlackCoast": 0,
  "Tallil": 0,
  "Yehorivka": 0
}