{
  "Sumari": 0.13052053728907942,
  "Logar": 0.07799933161191057,
  "Kokan": 0,
  "Chora": 0,
  "Mestia": 0.11160486016104884,
  "FoolsRoad": 0,
  "Narva": 0.1469180180916608,
  "Fallujah": 0,
  "Belaya": 0,
  "Anvil": 0,
  "Mutaha": 0.0941165573907589,
  "Kamdesh": 0.04024215216684217,
  "AlBasrah": 0,
  "Kohat": 0,
  "Skorpo": 0.0016698212710289167,
  "GooseBay": 0,
  "Manic": 0.05692631318361889,
  "LashkarValley": 0.10119520302411535,
  "Gorodok": 0,
  "BlackCoast": 0,
  "Tallil": 0.09880690583711886,
  "Yehorivka": 0.1400002999728174
}