{
  "Sumari": {
    "Insurgency": 3.697367086571668,
    "TC": 3.7173670865716657,
    "Invasion": 1.327367086571663,
    "Seed": 1.1373670865716627,
    "skirmish": 1.1373670865716627,
    "AAS": 5.127367086571665,
    "RAAS": 5.107367086571662
  },
  "Logar": {
    "Seed": 0.6024360983933323,
    "skirmish": 0.6024360983933323,
    "Insurgency": 4.542436098393333,
    "RAAS": -0.5575639016066676,
    "TC": -0.15756390160666586,
    "AAS": -0.747563901606668
  },
  "Kokan": {
    "Invasion": 2.1024360983933326,
    "Insurgency": 2.7924360983933365,
    "skirmish": 0.6024360983933323,
    "RAAS": 2.1924360983933324,
    "AAS": 0.23243609839333354
  },
  "Chora": {
    "RAAS": -0.6540055006857717,
    "Invasion": 1.1259944993142246,
    "skirmish": 0.2459944993142245,
    "Insurgency": 0.9659944993142242,
    "AAS": -0.48400550068577264
  },
  "Mestia": {
    "AAS": -0.644005500685773,
    "skirmish": 0.2459944993142245,
    "Invasion": -0.02400550068577509,
    "RAAS": 0.8659944993142246,
    "TC": 0.07599449931422428
  },
  "FoolsRoad": {
    "RAAS": -0.4940055006857753,
    "Invasion": 1.5359944993142296,
    "skirmish": 0.2459944993142245,
    "Destruction": 0.8959944993142244,
    "AAS": -0.6340055006857754
  },
  "Narva": {
    "RAAS": 0.583204716759705,
    "AAS": 0.603204716759705,
    "Invasion": -0.13679528324029533,
    "Destruction": -0.846795283240295,
    "skirmish": 0.05320471675970484,
    "TA": 0.05320471675970484,
    "TC": -0.32679528324029494
  },
  "Fallujah": {
    "RAAS": 3.861979413923879,
    "Insurgency": 3.1519794139238693,
    "Invasion": 1.6019794139238757,
    "Seed": 1.8619794139238706,
    "skirmish": 1.8619794139238706,
    "AAS": 5.401979413923872
  },
  "Belaya": {
    "RAAS": 0.8459944993142243,
    "AAS": 1.2559944993142247,
    "Invasion": 1.1159944993142243,
    "skirmish": 0.2459944993142245
  },
  "Anvil": {
    "RAAS": 0.8459944993142268,
    "skirmish": 0.2459944993142245,
    "Invasion": -0.2440055006857755,
    "AAS": -0.884005500685773
  },
  "Mutaha": {
    "RAAS": 9.221979413923869,
    "AAS": 6.32197941392387,
    "TC": 2.271979413923874,
    "Invasion": 2.9919794139238736,
    "skirmish": 1.8619794139238706
  },
  "Kamdesh": {
    "RAAS": 1.033204716759705,
    "Invasion": 0.623204716759705,
    "AAS": 0.2932047167597047,
    "skirmish": 0.05320471675970484,
    "Insurgency": -0.1767952832402949,
    "TC": -0.7267952832402949
  },
  "AlBasrah": {
    "Insurgency": 2.542436098393333,
    "AAS": 1.552436098393333,
    "Invasion": 0.6824360983933322,
    "Seed": 0.6024360983933323,
    "skirmish": 0.6024360983933323,
    "TA": 0.6024360983933323,
    "RAAS": -0.03756390160666709
  },
  "Kohat": {
    "RAAS": 0.06599449931422427,
    "Insurgency": -0.6640055006857755,
    "AAS": 0.5159944993142238,
    "skirmish": 0.2459944993142245,
    "Invasion": -0.25400550068577554
  },
  "Skorpo": {
    "RAAS": 3.001979413923877,
    "skirmish": 1.8619794139238706,
    "TC": 1.3519794139238828,
    "Invasion": 1.381979413923879,
    "AAS": 7.6719794139238875
  },
  "GooseBay": {
    "RAAS": -0.35400550068577563,
    "Invasion": 0.3359944993142274,
    "AAS": 0.5259944993142243,
    "skirmish": 0.2459944993142245
  },
  "Manic": {
    "RAAS": -0.2375639016066675,
    "AAS": 1.1724360983933328,
    "Invasion": 2.122436098393332,
    "skirmish": 0.6024360983933323,
    "TC": -0.9275639016066672
  },
  "LashkarValley": {
    "RAAS": -0.396795283240295,
    "Invasion": -0.1467952832402953,
    "skirmish": 0.05320471675970484,
    "TC": 0.2532047167597047,
    "AAS": -0.026795283240295092,
    "Insurgency": -0.41679528324029513
  },
  "Gorodok": {
    "RAAS": 4.897367086571661,
    "AAS": 3.617367086571666,
    "Insurgency": 0.207367086571663,
    "Invasion": 2.7573670865716675,
    "skirmish": 1.1373670865716627,
    "Destruction": 1.9373670865716768
  },
  "BlackCoast": {
    "RAAS": 6.2019794139238815,
    "Invasion": 2.361979413923895,
    "AAS": 0.5519794139238734,
    "Seed": 1.8619794139238706,
    "skirmish": 1.8619794139238706
  },
  "Tallil": {
    "RAAS": 0.023204716759704896,
    "Invasion": 1.053204716759705,
    "Seed": 0.05320471675970484,
    "skirmish": 0.05320471675970484,
    "TA": 0.05320471675970484,
    "TC": -0.5167952832402952,
    "tanks": 0.05320471675970484,
    "AAS": 1.4932047167597051
  },
  "Yehorivka": {
    "RAAS": 4.547367086571665,
    "AAS": 2.307367086571661,
    "TC": 3.4673670865716675,
    "Destruction": 0.3173670865716629,
    "Invasion": 2.5973670865716665,
    "skirmish": 1.1373670865716627,
    "TA": 1.1373670865716627
  }
}