{
  "Sumari": 0.08300752549702085,
  "Logar": 0.001177298538893213,
  "Kokan": 0.030805813980797125,
  "Chora": 0.013229829058413658,
  "Mestia": 0.011502675386748765,
  "FoolsRoad": 0.018134720555810935,
  "Narva": 0.06089264634602723,
  "Fallujah": 0.059205210515969865,
  "Belaya": 0.0680437467908785,
  "Anvil": 0.0011167777230993974,
  "Mutaha": 0.02438321893447684,
  "Kamdesh": 0.05278532572340297,
  "AlBasrah": 0.055784775723876814,
  "Kohat": 0.05869152263206477,
  "Skorpo": 0.10204024070534766,
  "GooseBay": 0.05989816150278043,
  "Manic": 0.06521497907244482,
  "LashkarValley": 0.03357821782774549,
  "Gorodok": 0.05947588309727981,
  "BlackCoast": 0.008912518032663021,
  "Tallil": 0.09727133414968311,
  "Yehorivka": 0.03484757820457469
}