{
  "Sumari": 0.059403198511827376,
  "Logar": 0,
  "Kokan": 0.056114220830400165,
  "Chora": 0.039067399602459675,
  "Mestia": 0.006090438436236461,
  "FoolsRoad": 0.08134760515272194,
  "Narva": 0.04120843265056304,
  "Fallujah": 0.02529721961347661,
  "Belaya": 0.0426778706390038,
  "Anvil": 0.007306019031223805,
  "Mutaha": 0.080473615465887,
  "Kamdesh": 0.0611943002547681,
  "AlBasrah": 0.06282888936924272,
  "Kohat": 0.02328997028312022,
  "Skorpo": 0.05861551379131211,
  "GooseBay": 0.020910123002163467,
  "Manic": 0.06853191144715781,
  "LashkarValley": 0.04404914603244497,
  "Gorodok": 0.06688389386881258,
  "BlackCoast": 0.04127055995018881,
  "Tallil": 0.08200387185787629,
  "Yehorivka": 0.03143580020911305
}