{
  "Sumari": 0.06839070242508172,
  "Logar": 0.22583939538111314,
  "Kokan": 0.12231493414337798,
  "Chora": 0.11263181002123696,
  "Mestia": 0,
  "FoolsRoad": 0,
  "Narva": 0,
  "Fallujah": 0.04428252000735534,
  "Belaya": 0,
  "Anvil": 0,
  "Mutaha": 0,
  "Kamdesh": 0.10983736374014952,
  "AlBasrah": 0.16756435249207927,
  "Kohat": 0.012488422187424561,
  "Skorpo": 0,
  "GooseBay": 0,
  "Manic": 0,
  "LashkarValley": 0.08603040325207083,
  "Gorodok": 0.05062009635011083,
  "BlackCoast": 0,
  "Tallil": 0,
  "Yehorivka": 0
}