{
  "Sumari": 0.2630772906063813,
  "Logar": 0,
  "Kokan": 0,
  "Chora": 0,
  "Mestia": 0,
  "FoolsRoad": 0.32018727201342173,
  "Narva": 0.014875380603496852,
  "Fallujah": 0,
  "Belaya": 0,
  "Anvil": 0,
  "Mutaha": 0,
  "Kamdesh": 0,
  "AlBasrah": 0,
  "Kohat": 0,
  "Skorpo": 0,
  "GooseBay": 0,
  "Manic": 0,
  "LashkarValley": 0,
  "Gorodok": 0.2735682019016265,
  "BlackCoast": 0,
  "Tallil": 0,
  "Yehorivka": 0.1282918548750736
}