{
  "Sumari": 0.06846525107156617,
  "Logar": 0.004966396996561225,
  "Kokan": 0.07315513512174819,
  "Chora": 0.00879863961415778,
  "Mestia": 0.0719540087721247,
  "FoolsRoad": 0.014542683261865476,
  "Narva": 0.05895337139588968,
  "Fallujah": 0.04305407167408084,
  "Belaya": 0.046324640023450984,
  "Anvil": 0.0681146494913338,
  "Mutaha": 0.07623844014838128,
  "Kamdesh": 0.07306799469002948,
  "AlBasrah": 0.0226249466823074,
  "Kohat": 0.03235392310784246,
  "Skorpo": 0.03382831412059505,
  "GooseBay": 0.017790715181155818,
  "Manic": 0.023016009909404334,
  "LashkarValley": 0.02812959345511235,
  "Gorodok": 0.06508520008603284,
  "BlackCoast": 0.059895658760458284,
  "Tallil": 0.044834514846122116,
  "Yehorivka": 0.06480584158977948
}