{
  "Sumari": 0.21287405146725422,
  "Logar": 0.060944552732438984,
  "Kokan": 0,
  "Chora": 0,
  "Mestia": 0.09393284726850479,
  "FoolsRoad": 0,
  "Narva": 0.07423723649730146,
  "Fallujah": 0,
  "Belaya": 0,
  "Anvil": 0,
  "Mutaha": 0.03115521292444482,
  "Kamdesh": 0.042758965983096274,
  "AlBasrah": 0,
  "Kohat": 0,
  "Skorpo": 0.0672745982118763,
  "GooseBay": 0,
  "Manic": 0.000868549354722339,
  "LashkarValley": 0.18462563710306665,
  "Gorodok": 0,
  "BlackCoast": 0,
  "Tallil": 0.06799728921226246,
  "Yehorivka": 0.16333105924503172
}