{
  "Sumari": 0.02927519201136895,
  "Logar": 0.03327713345592024,
  "Kokan": 0.049259827576535714,
  "Chora": 0.09464680170493886,
  "Mestia": 0.02243392314327348,
  "FoolsRoad": 0.0504792718891067,
  "Narva": 0.05848149787419551,
  "Fallujah": 0.010941445813285034,
  "Belaya": 0.07781314386453854,
  "Anvil": 0.03191378443487153,
  "Mutaha": 0.012761028672653342,
  "Kamdesh": 0.06558640399238472,
  "AlBasrah": 0.014985161287033921,
  "Kohat": 0.02677769896745626,
  "Skorpo": 0.021448196318305697,
  "GooseBay": 0.05504197728402517,
  "Manic": 0.015591336048376038,
  "LashkarValley": 0.009397725645552116,
  "Gorodok": 0.08807843146856885,
  "BlackCoast": 0.06296143860463997,
  "Tallil": 0.0947733232916228,
  "Yehorivka": 0.07407525665134645
}