{
  "Sumari": 0.11422081813800684,
  "Logar": 0,
  "Kokan": 0,
  "Chora": 0,
  "Mestia": 0,
  "FoolsRoad": 0.16260544119278905,
  "Narva": 0.28445709647559386,
  "Fallujah": 0,
  "Belaya": 0,
  "Anvil": 0,
  "Mutaha": 0,
  "Kamdesh": 0,
  "AlBasrah": 0,
  "Kohat": 0,
  "Skorpo": 0,
  "GooseBay": 0,
  "Manic": 0,
  "LashkarValley": 0,
  "Gorodok": 0.2464293663433149,
  "BlackCoast": 0,
  "Tallil": 0,
  "Yehorivka": 0.19228727785029537
}