{
  "Sumari": 0.03263911019659706,
  "Logar": 0.07893468003302223,
  "Kokan": 0.024909740154613863,
  "Chora": 0.04229165203826964,
  "Mestia": 0.06232509502700817,
  "FoolsRoad": 0.07499085595766741,
  "Narva": 0.01298668934509035,
  "Fallujah": 0.06847997529062931,
  "Belaya": 0.05351570403285405,
  "Anvil": 0.046051202824043624,
  "Mutaha": 0.06597443105859806,
  "Kamdesh": 0.0501345499165678,
  "AlBasrah": 0.007986813367353868,
  "Kohat": 0.000964632106091728,
  "Skorpo": 0.024221417358690756,
  "GooseBay": 0.03512583032073625,
  "Manic": 0.03469644675787617,
  "LashkarValley": 0.08019486920637267,
  "Gorodok": 0.03408403880877106,
  "BlackCoast": 0.07466503149351583,
  "Tallil": 0.021635124890145123,
  "Yehorivka": 0.07319210981548493
}