{
  "Sumari": 0.12905466637219906,
  "Logar": 0.13933425005736608,
  "Kokan": 0,
  "Chora": 0,
  "Mestia": 0.11953287983801186,
  "FoolsRoad": 0,
  "Narva": 0.1327406031501609,
  "Fallujah": 0,
  "Belaya": 0,
  "Anvil": 0,
  "Mutaha": 0.12522725163700338,
  "Kamdesh": 0.006316946499948652,
  "AlBasrah": 0,
  "Kohat": 0,
  "Skorpo": 0.05327588080076664,
  "GooseBay": 0,
  "Manic": 0.04383920864952071,
  "LashkarValley": 0.11116763752068015,
  "Gorodok": 0,
  "BlackCoast": 0,
  "Tallil": 0.03283685749594827,
  "Yehorivka": 0.1066738179783943
}