{
  "Sumari": 0.08408317922875108,
  "Logar": 0,
  "Kokan": 0.02723607033698725,
  "Chora": 0.04612530194164956,
  "Mestia": 0.01870086940523639,
  "FoolsRoad": 0.004692994767265046,
  "Narva": 0.06655892274205238,
  "Fallujah": 0.046313463271060985,
  "Belaya": 0.05934813361264183,
  "Anvil": 0.05894146091253743,
  "Mutaha": 0.03229613295900324,
  "Kamdesh": 0.05157788854166172,
  "AlBasrah": 0.09273273517093712,
  "Kohat": 0.08725045047364963,
  "Skorpo": 0.06290831493083049,
  "GooseBay": 0.03280571566418427,
  "Manic": 0.035758567608778734,
  "LashkarValley": 0.0732478271903606,
  "Gorodok": 0.015123385395700531,
  "BlackCoast": 0.011501848003223928,
  "Tallil": 0.0580032121838609,
  "Yehorivka": 0.034793525659626796
}