{
  "Sumari": 0.1350512613752934,
  "Logar": 0.14808300975264285,
  "Kokan": 0.02454052515125278,
  "Chora": 0.052884633263947864,
  "Mestia": 0,
  "FoolsRoad": 0,
  "Narva": 0,
  "Fallujah": 0.0442543355863671,
  "Belaya": 0,
  "Anvil": 0,
  "Mutaha": 0,
  "Kamdesh": 0.010529864641648639,
  "AlBasrah": 0.18228298727682682,
  "Kohat": 0.17584319004851334,
  "Skorpo": 0,
  "GooseBay": 0,
  "Manic": 0,
  "LashkarValley": 0.09417031365453103,
  "Gorodok": 0.13235987924897635,
  "BlackCoast": 0,
  "Tallil": 0,
  "Yehorivka": 0
}