{
  "Sumari": {
    "Insurgency": 2.6973670865716635,
    "TC": 1.9773670865716706,
    "Invasion": 2.1173670865716634,
    "Seed": 1.1373670865716627,
    "skirmish": 1.1373670865716627,
    "AAS": 3.3673670865716625,
    "RAAS": 4.467367086571662
  },
  "Logar": {
    "Seed": 0.6024360983933323,
    "skirmish": 0.6024360983933323,
    "Insurgency": 0.732436098393332,
    "RAAS": 0.07243609839333251,
    "TC": 2.822436098393335,
    "AAS": -0.36756390160666763
  },
  "Kokan": {
    "Invasion": 0.10243609839333231,
    "Insurgency": 1.122436098393337,
    "skirmish": 0.6024360983933323,
    "RAAS": 0.47243609839333234,
    "AAS": 3.7624360983933327
  },
  "Chora": {
    "RAAS": 0.7859944993142256,
    "Invasion": 0.1959944993142246,
    "skirmish": 0.2459944993142245,
    "Insurgency": 0.7459944993142245,
    "AAS": -0.044005500685772886
  },
  "Mestia": {
    "AAS": 0.845994499314227,
    "skirmish": 0.2459944993142245,
    "Invasion": 0.16599449931422436,
    "RAAS": 0.7459944993142245,
    "TC": 0.14599449931422434
  },
  "FoolsRoad": {
    "RAAS": -0.8340055006857752,
    "Invasion": -0.7540055006857755,
    "skirmish": 0.2459944993142245,
    "Destruction": 0.11599449931422454,
    "AAS": -0.9940055006857753
  },
  "Narva": {
    "RAAS": -0.886795283240295,
    "AAS": -0.44679528324029505,
    "Invasion": 0.3632047167597048,
    "Destruction": -0.43679528324029504,
    "skirmish": 0.05320471675970484,
    "TA": 0.05320471675970484,
    "TC": -0.24679528324029484
  },
  "Fallujah": {
    "RAAS": 5.521979413923871,
    "Insurgency": 2.5519794139238705,
    "Invasion": 3.0419794139238716,
    "Seed": 1.8619794139238706,
    "skirmish": 1.8619794139238706,
    "AAS": 3.521979413923871
  },
  "Belaya": {
    "RAAS": 0.035994499314224465,
    "AAS": -0.6540055006857752,
    "Invasion": 0.6459944993142244,
    "skirmish": 0.2459944993142245
  },
  "Anvil": {
    "RAAS": -0.5540055006857754,
    "skirmish": 0.2459944993142245,
    "Invasion": 1.2559944993142245,
    "AAS": -0.384005500685773
  },
  "Mutaha": {
    "RAAS": 5.551979413923869,
    "AAS": 5.99197941392387,
    "TC": 1.9219794139238793,
    "Invasion": 1.491979413923874,
    "skirmish": 1.8619794139238706
  },
  "Kamdesh": {
    "RAAS": -0.006795283240295089,
    "Invasion": 0.5432047167597049,
    "AAS": -0.886795283240295,
    "skirmish": 0.05320471675970484,
    "Insurgency": 0.603204716759705,
    "TC": 0.44320471675970485
  },
  "AlBasrah": {
    "Insurgency": 2.782436098393333,
    "AAS": 3.1024360983933326,
    "Invasion": 0.7224360983933322,
    "Seed": 0.6024360983933323,
    "skirmish": 0.6024360983933323,
    "TA": 0.6024360983933323,
    "RAAS": 1.0124360983933332
  },
  "Kohat": {
    "RAAS": 0.5259944993142243,
    "Insurgency": -0.25400550068577554,
    "AAS": 0.24599449931422443,
    "skirmish": 0.2459944993142245,
    "Invasion": 0.24599449931422443
  },
  "Skorpo": {
    "RAAS": -0.4780205860761293,
    "skirmish": 1.8619794139238706,
    "TC": 1.7919794139238816,
    "Invasion": 2.361979413923879,
    "AAS": 2.0019794139238716
  },
  "GooseBay": {
    "RAAS": -0.7540055006857755,
    "Invasion": 0.7659944993142245,
    "AAS": 1.1159944993142243,
    "skirmish": 0.2459944993142245
  },
  "Manic": {
    "RAAS": 1.4424360983933355,
    "AAS": -0.5775639016066674,
    "Invasion": 0.5324360983933323,
    "skirmish": 0.6024360983933323,
    "TC": 0.9824360983933322
  },
  "LashkarValley": {
    "RAAS": -0.5867952832402952,
    "Invasion": -0.5967952832402948,
    "skirmish": 0.05320471675970484,
    "TC": 0.5732047167597045,
    "AAS": -0.936795283240295,
    "Insurgency": 0.05320471675970481
  },
  "Gorodok": {
    "RAAS": 4.477367086571663,
    "AAS": 0.19736708657166321,
    "Insurgency": 0.8173670865716627,
    "Invasion": 1.3073670865716651,
    "skirmish": 1.1373670865716627,
    "Destruction": 2.2273670865716637
  },
  "BlackCoast": {
    "RAAS": 1.9619794139238873,
    "Invasion": 2.361979413923879,
    "AAS": 2.2019794139238726,
    "Seed": 1.8619794139238706,
    "skirmish": 1.8619794139238706
  },
  "Tallil": {
    "RAAS": -0.7767952832402953,
    "Invasion": 0.47320471675970477,
    "Seed": 0.05320471675970484,
    "skirmish": 0.05320471675970484,
    "TA": 0.05320471675970484,
    "TC": 1.1132047167597048,
    "tanks": 0.05320471675970484,
    "AAS": -0.7167952832402951
  },
  "Yehorivka": {
    "RAAS": 4.0673670865716645,
    "AAS": 2.7773670865716618,
    "TC": 3.6973670865716697,
    "Destruction": 1.7373670865716677,
    "Invasion": 0.717367086571663,
    "skirmish": 1.1373670865716627,
    "TA": 1.1373670865716627
  }
}