{
  "Sumari": 0.008714626537489133,
  "Logar": 0,
  "Kokan": 0.009824177874561753,
  "Chora": 0.00977812634305632,
  "Mestia": 0.0774305883406741,
  "FoolsRoad": 0.002032277744125669,
  "Narva": 0.05783635463434206,
  "Fallujah": 0.03376895078922476,
  "Belaya": 0.0952610648026281,
  "Anvil": 0.08456434659543063,
  "Mutaha": 0.026897470849539133,
  "Kamdesh": 0.09664501215083728,
  "AlBasrah": 0.027475300245077376,
  "Kohat": 0.07129315391589215,
  "Skorpo": 0.021402055431819816,
  "GooseBay": 0.08167218074351484,
  "Manic": 0.0670005423023298,
  "LashkarValley": 0.021222194662622398,
  "Gorodok": 0.006289563571843964,
  "BlackCoast": 0.1018766927479053,
  "Tallil": 0.08279296444779365,
  "Yehorivka": 0.016222355269291663
}