{
  "Sumari": 0.26496904409206534,
  "Logar": 0,
  "Kokan": 0,
  "Chora": 0,
  "Mestia": 0,
  "FoolsRoad": 0.04482913835085946,
  "Narva": 0.09474365609886987,
  "Fallujah": 0,
  "Belaya": 0,
  "Anvil": 0,
  "Mutaha": 0,
  "Kamdesh": 0,
  "AlBasrah": 0,
  "Kohat": 0,
  "Skorpo": 0,
  "GooseBay": 0,
  "Manic": 0,
  "LashkarValley": 0,
  "Gorodok": 0.25848468957596754,
  "BlackCoast": 0,
  "Tallil": 0,
  "Yehorivka": 0.3369734718822378
}