{
  "Sumari": 0.00714426964385989,
  "Logar": 0.13566335580108807,
  "Kokan": 0.04593842638042541,
  "Chora": 0.13863488912290994,
  "Mestia": 0,
  "FoolsRoad": 0,
  "Narva": 0,
  "Fallujah": 0.026382582558833783,
  "Belaya": 0,
  "Anvil": 0,
  "Mutaha": 0,
  "Kamdesh": 0.1788791255366599,
  "AlBasrah": 0.14917487609609661,
  "Kohat": 0.08874387024382394,
  "Skorpo": 0,
  "GooseBay": 0,
  "Manic": 0,
  "LashkarValley": 0.1395295212223168,
  "Gorodok": 0.08990908339398548,
  "BlackCoast": 0,
  "Tallil": 0,
  "Yehorivka": 0
}