{
  "Sumari": 0.08008017670490523,
  "Logar": 0.027934052796961286,
  "Kokan": 0.041266700051664225,
  "Chora": 0.06019433412245522,
  "Mestia": 0.08064266657193424,
  "FoolsRoad": 0.00975957584514572,
  "Narva": 0.0020546657391372534,
  "Fallujah": 0.06138955521963527,
  "Belaya": 0.051784903398198676,
  "Anvil": 0.020134417721337384,
  "Mutaha": 0.05857132294862563,
  "Kamdesh": 0.05353751060565787,
  "AlBasrah": 0.05789790086309515,
  "Kohat": 0.06882644840019252,
  "Skorpo": 0.0038453330985789985,
  "GooseBay": 0.007728215289868362,
  "Manic": 0.08937324939018246,
  "LashkarValley": 0.022168092005896006,
  "Gorodok": 0.08262573403557558,
  "BlackCoast": 0.02795590823706134,
  "Tallil": 0.007826930122099698,
  "Yehorivka": 0.08440230683179205
}