{
  "Sumari": 0.07505236555387255,
  "Logar": 0.023610390862611953,
  "Kokan": 0.1038555279430905,
  "Chora": 0.047098438536459786,
  "Mestia": 0.0922293590525092,
  "FoolsRoad": 0.003745057575111311,
  "Narva": 0.03750862076187487,
  "Fallujah": 0.07286861589977306,
  "Belaya": 0.015148060637070103,
  "Anvil": 0.036912885087998185,
  "Mutaha": 0.07011517679602905,
  "Kamdesh": 0.013748189020737137,
  "AlBasrah": 0.09187297840068377,
  "Kohat": 0.06064767401979716,
  "Skorpo": 0.01683648844397376,
  "GooseBay": 0.0854878783343084,
  "Manic": 0.02055065711409868,
  "LashkarValley": 0.010459122581416763,
  "Gorodok": 0.002664341536800784,
  "BlackCoast": 0.05191890716585988,
  "Tallil": 0.02465999118073364,
  "Yehorivka": 0.04300927349518946
}