{
  "Sumari": 0.08235319384395576,
  "Logar": 0.1406246092799912,
  "Kokan": 0,
  "Chora": 0,
  "Mestia": 0.062354370989226166,
  "FoolsRoad": 0,
  "Narva": 0.04017445391406445,
  "Fallujah": 0,
  "Belaya": 0,
  "Anvil": 0,
  "Mutaha": 0.09965886018810063,
  "Kamdesh": 0.06755912468220394,
  "AlBasrah": 0,
  "Kohat": 0,
  "Skorpo": 0.09138035287140757,
  "GooseBay": 0,
  "Manic": 0.08863577385351813,
  "LashkarValley": 0.1195373200514093,
  "Gorodok": 0,
  "BlackCoast": 0,
  "Tallil": 0.1365149219579323,
  "Yehorivka": 0.07120701836819046
}