{
  "Sumari": {
    "Insurgency": 3.747367086571666,
    "TC": 0.11736708657166292,
    "Invasion": 2.417367086571663,
    "Seed": 1.1373670865716627,
    "skirmish": 1.1373670865716627,
    "AAS": 5.087367086571662,
    "RAAS": 2.5973670865716625
  },
  "Logar": {
    "Seed": 0.6024360983933323,
    "skirmish": 0.6024360983933323,
    "Insurgency": -0.6275639016066674,
    "RAAS": 0.2524360983933327,
    "TC": 2.1724360983933346,
    "AAS": 1.6424360983933348
  },
  "Kokan": {
    "Invasion": 3.4924360983933322,
    "Insurgency": 2.2924360983933347,
    "skirmish": 0.6024360983933323,
    "RAAS": 2.462436098393332,
    "AAS": 0.5924360983933323
  },
  "Chora": {
    "RAAS": 0.9859944993142247,
    "Invasion": -0.8640055006857754,
    "skirmish": 0.2459944993142245,
    "Insurgency": -0.41400550068577524,
    "AAS": 0.2659944993142269
  },
  "Mestia": {
    "AAS": -0.664005500685773,
    "skirmish": 0.2459944993142245,
    "Invasion": 0.4859944993142242,
    "RAAS": -0.38400550068577566,
    "TC": 0.6259944993142244
  },
  "FoolsRoad": {
    "RAAS": -0.4940055006857753,
    "Invasion": 0.24599449931422443,
    "skirmish": 0.2459944993142245,
    "Destruction": 1.1859944993142246,
    "AAS": 0.9859944993142247
  },
  "Narva": {
    "RAAS": -0.8067952832402949,
    "AAS": -0.866795283240295,
    "Invasion": 0.05320471675970481,
    "Destruction": -0.9867952832402946,
    "skirmish": 0.05320471675970484,
    "TA": 0.05320471675970484,
    "TC": 0.153204716759705
  },
  "Fallujah": {
    "RAAS": -0.7380205860761275,
    "Insurgency": 4.061979413923872,
    "Invasion": 2.901979413923871,
    "Seed": 1.8619794139238706,
    "skirmish": 1.8619794139238706,
    "AAS": 1.7219794139238762
  },
  "Belaya": {
    "RAAS": -0.5840055006857756,
    "AAS": -0.7240055006857753,
    "Invasion": -0.25400550068577554,
    "skirmish": 0.2459944993142245
  },
  "Anvil": {
    "RAAS": 0.5359944993142247,
    "skirmish": 0.2459944993142245,
    "Invasion": -0.5140055006857753,
    "AAS": 0.11599449931422698
  },
  "Mutaha": {
    "RAAS": 5.441979413923869,
    "AAS": 5.83197941392387,
    "TC": 1.9119794139238804,
    "Invasion": 1.681979413923878,
    "skirmish": 1.8619794139238706
  },
  "Kamdesh": {
    "RAAS": -0.08679528324029515,
    "Invasion": 0.05320471675970492,
    "AAS": -0.026795283240295092,
    "skirmish": 0.05320471675970484,
    "Insurgency": -0.43679528324029515,
    "TC": -0.016795283240295084
  },
  "AlBasrah": {
    "Insurgency": 2.5524360983933327,
    "AAS": 0.10243609839333254,
    "Invasion": 3.172436098393333,
    "Seed": 0.6024360983933323,
    "skirmish": 0.6024360983933323,
    "TA": 0.6024360983933323,
    "RAAS": 0.13243609839333237
  },
  "Kohat": {
    "RAAS": 0.06599449931422427,
    "Insurgency": -0.5240055006857753,
    "AAS": -0.7540055006857755,
    "skirmish": 0.2459944993142245,
    "Invasion": -0.7340055006857755
  },
  "Skorpo": {
    "RAAS": 2.5919794139238705,
    "skirmish": 1.8619794139238706,
    "TC": 1.3619794139238768,
    "Invasion": 2.3419794139238794,
    "AAS": 2.3419794139238714
  },
  "GooseBay": {
    "RAAS": 0.24599449931422443,
    "Invasion": 0.25599449931422447,
    "AAS": 0.7459944993142245,
    "skirmish": 0.2459944993142245
  },
  "Manic": {
    "RAAS": 0.10243609839333276,
    "AAS": -0.6775639016066675,
    "Invasion": 1.6124360983933348,
    "skirmish": 0.6024360983933323,
    "TC": 1.722436098393335
  },
  "LashkarValley": {
    "RAAS": -0.08679528324029515,
    "Invasion": 0.05320471675970481,
    "skirmish": 0.05320471675970484,
    "TC": -0.06679528324029513,
    "AAS": 0.06320471675970493,
    "Insurgency": -0.30679528324029504
  },
  "Gorodok": {
    "RAAS": 4.5273670865716635,
    "AAS": 4.047367086571663,
    "Insurgency": -0.2326329134283369,
    "Invasion": 0.4073670865716654,
    "skirmish": 1.1373670865716627,
    "Destruction": 2.387367086571664
  },
  "BlackCoast": {
    "RAAS": 0.2619794139238789,
    "Invasion": 2.361979413923879,
    "AAS": 5.441979413923873,
    "Seed": 1.8619794139238706,
    "skirmish": 1.8619794139238706
  },
  "Tallil": {
    "RAAS": -0.5067952832402951,
    "Invasion": 0.05320471675970481,
    "Seed": 0.05320471675970484,
    "skirmish": 0.05320471675970484,
    "TA": 0.05320471675970484,
    "TC": -0.43679528324029515,
    "tanks": 0.05320471675970484,
    "AAS": -0.7167952832402951
  },
  "Yehorivka": {
    "RAAS": 2.007367086571664,
    "AAS": 4.987367086571661,
    "TC": 4.657367086571666,
    "Destruction": 1.4573670865716628,
    "Invasion": 2.717367086571663,
    "skirmish": 1.1373670865716627,
    "TA": 1.1373670865716627
  }
}