{
  "Sumari": 0.07554858309190049,
  "Logar": 0.07776279193019335,
  "Kokan": 0.030645923011024007,
  "Chora": 0.04492644162672813,
  "Mestia": 0.008761908480127022,
  "FoolsRoad": 0.08414080023730379,
  "Narva": 0.008079885178279494,
  "Fallujah": 0.027170076050983136,
  "Belaya": 0.009537890846233233,
  "Anvil": 0.056328644142465786,
  "Mutaha": 0.04312584521257561,
  "Kamdesh": 0.05692352249284227,
  "AlBasrah": 0.015547185099599766,
  "Kohat": 0.01988153821679215,
  "Skorpo": 0.03444927636629297,
  "GooseBay": 0.0714383943085091,
  "Manic": 0.021114060400797507,
  "LashkarValley": 0.050305575024966076,
  "Gorodok": 0.08238698283773555,
  "BlackCoast": 0.09432747292432511,
  "Tallil": 0.0008079522107675255,
  "Yehorivka": 0.08678925030955799
}