{
  "Sumari": 0.00497945623517249,
  "Logar": 0.15539464216385412,
  "Kokan": 0,
  "Chora": 0,
  "Mestia": 0.025854795550100364,
  "FoolsRoad": 0,
  "Narva": 0.11339906005574399,
  "Fallujah": 0,
  "Belaya": 0,
  "Anvil": 0,
  "Mutaha": 0.13246828361744006,
  "Kamdesh": 0.05816945056799193,
  "AlBasrah": 0,
  "Kohat": 0,
  "Skorpo": 0.13778414456373844,
  "GooseBay": 0,
  "Manic": 0.125339014773135,
  "LashkarValley": 0.05938384755533786,
  "Gorodok": 0,
  "BlackCoast": 0,
  "Tallil": 0.012335125777741457,
  "Yehorivka": 0.17489217913974411
}