{
  "Sumari": 0.029455477936667498,
  "Logar": 0,
  "Kokan": 0.09386263412167008,
  "Chora": 0.0021702229450817397,
  "Mestia": 0.054633713159095876,
  "FoolsRoad": 0.06611142524422493,
  "Narva": 0.057219849604065266,
  "Fallujah": 0.04684651029357564,
  "Belaya": 0.027551795556936678,
  "Anvil": 0.02521090566975596,
  "Mutaha": 0.03869015485813163,
  "Kamdesh": 0.053389930035091286,
  "AlBasrah": 0.09642112172029228,
  "Kohat": 0.013776538501030737,
  "Skorpo": 0.017039032890274877,
  "GooseBay": 0.055140143471886345,
  "Manic": 0.07910457719067238,
  "LashkarValley": 0.07121152872524998,
  "Gorodok": 0.013347426838232535,
  "BlackCoast": 0.06455906768951235,
  "Tallil": 0.06485893853529541,
  "Yehorivka": 0.029399005013256506
}