{
  "Sumari": 0.1287994907150155,
  "Logar": 0.05959290436210698,
  "Kokan": 0.16582896121042995,
  "Chora": 0.06348096482027565,
  "Mestia": 0,
  "FoolsRoad": 0,
  "Narva": 0,
  "Fallujah": 0.10085314948928921,
  "Belaya": 0,
  "Anvil": 0,
  "Mutaha": 0,
  "Kamdesh": 0.0813059922508861,
  "AlBasrah": 0.17576986011846835,
  "Kohat": 0.05445816334204024,
  "Skorpo": 0,
  "GooseBay": 0,
  "Manic": 0,
  "LashkarValley": 0.1340521680341822,
  "Gorodok": 0.03585834565730581,
  "BlackCoast": 0,
  "Tallil": 0,
  "Yehorivka": 0
}