{
  "Sumari": 0.05818611801305301,
  "Logar": 0.0365412945294757,
  "Kokan": 0.07763546545131692,
  "Chora": 0.0732725354425631,
  "Mestia": 0.024193638525731333,
  "FoolsRoad": 0.022921425048765806,
  "Narva": 0.018226761877253424,
  "Fallujah": 0.0008538786365026202,
  "Belaya": 0.025647114177654588,
  "Anvil": 0.07523688917914707,
  "Mutaha": 0.056866430968160554,
  "Kamdesh": 0.051184371619343555,
  "AlBasrah": 0.03558514783278145,
  "Kohat": 0.053522048481711285,
  "Skorpo": 0.04259402890196546,
  "GooseBay": 0.06588374802376301,
  "Manic": 0.045763952921899984,
  "LashkarValley": 0.05785948911191926,
  "Gorodok": 0.07923820543431156,
  "BlackCoast": 0.017930064059568075,
  "Tallil": 0.033754571730961316,
  "Yehorivka": 0.04710282003215091
}