{
  "Sumari": 0.03629417308984301,
  "Logar": 0,
  "Kokan": 0,
  "Chora": 0,
  "Mestia": 0,
  "FoolsRoad": 0.30855892241757255,
  "Narva": 0.15480082168520312,
  "Fallujah": 0,
  "Belaya": 0,
  "Anvil": 0,
  "Mutaha": 0,
  "Kamdesh": 0,
  "AlBasrah": 0,
  "Kohat": 0,
  "Skorpo": 0,
  "GooseBay": 0,
  "Manic": 0,
  "LashkarValley": 0,
  "Gorodok": 0.18836415143765153,
  "BlackCoast": 0,
  "Tallil": 0,
  "Yehorivka": 0.31198193136972985
}