{
  "Sumari": {
    "Insurgency": 1.6373670865716659,
    "TC": -0.012632913428337153,
    "Invasion": 3.8673670865716696,
    "Seed": 1.1373670865716627,
    "skirmish": 1.1373670865716627,
    "AAS": 3.0873670865716623,
    "RAAS": 3.817367086571668
  },
  "Logar": {
    "Seed": 0.6024360983933323,
    "skirmish": 0.6024360983933323,
    "Insurgency": 3.212436098393333,
    "RAAS": 0.27243609839333227,
    "TC": 4.032436098393333,
    "AAS": 2.092436098393332
  },
  "Kokan": {
    "Invasion": 0.7624360983933325,
    "Insurgency": -0.4075639016066672,
    "skirmish": 0.6024360983933323,
    "RAAS": -0.4475639016066676,
    "AAS": 1.4724360983933351
  },
  "Chora": {
    "RAAS": -0.38400550068577555,
    "Invasion": -0.954005500685775,
    "skirmish": 0.2459944993142245,
    "Insurgency": 0.9259944993142242,
    "AAS": -0.8540055006857755
  },
  "Mestia": {
    "AAS": -0.40400550068577545,
    "skirmish": 0.2459944993142245,
    "Invasion": -0.5440055006857754,
    "RAAS": 0.24599449931422443,
    "TC": -0.2440055006857755
  },
  "FoolsRoad": {
    "RAAS": 1.2459944993142245,
    "Invasion": 0.4759944993142242,
    "skirmish": 0.2459944993142245,
    "Destruction": 1.0459944993142245,
    "AAS": -0.25400550068577554
  },
  "Narva": {
    "RAAS": -0.5967952832402952,
    "AAS": -0.5967952832402952,
    "Invasion": -0.9067952832402951,
    "Destruction": -0.05679528324029512,
    "skirmish": 0.05320471675970484,
    "TA": 0.05320471675970484,
    "TC": -0.43679528324029515
  },
  "Fallujah": {
    "RAAS": 4.721979413923872,
    "Insurgency": 2.8019794139238705,
    "Invasion": 3.61197941392387,
    "Seed": 1.8619794139238706,
    "skirmish": 1.8619794139238706,
    "AAS": 5.441979413923869
  },
  "Belaya": {
    "RAAS": -0.8940055006857754,
    "AAS": -0.8640055006857754,
    "Invasion": 0.24599449931422443,
    "skirmish": 0.2459944993142245
  },
  "Anvil": {
    "RAAS": 1.1359944993142244,
    "skirmish": 0.2459944993142245,
    "Invasion": 0.7959944993142241,
    "AAS": 1.1159944993142246
  },
  "Mutaha": {
    "RAAS": 4.4719794139238696,
    "AAS": 3.2219794139238696,
    "TC": 2.351979413923871,
    "Invasion": 1.4219794139238724,
    "skirmish": 1.8619794139238706
  },
  "Kamdesh": {
    "RAAS": -0.08679528324029515,
    "Invasion": -0.9067952832402951,
    "AAS": -0.1567952832402952,
    "skirmish": 0.05320471675970484,
    "Insurgency": 1.553204716759706,
    "TC": -0.43679528324029515
  },
  "AlBasrah": {
    "Insurgency": -0.017563901606667293,
    "AAS": 1.572436098393333,
    "Invasion": 0.7224360983933322,
    "Seed": 0.6024360983933323,
    "skirmish": 0.6024360983933323,
    "TA": 0.6024360983933323,
    "RAAS": 1.0324360983933323
  },
  "Kohat": {
    "RAAS": 1.2459944993142245,
    "Insurgency": 1.7459944993142296,
    "AAS": 0.24599449931422443,
    "skirmish": 0.2459944993142245,
    "Invasion": 0.24599449931422443
  },
  "Skorpo": {
    "RAAS": 0.45197941392387064,
    "skirmish": 1.8619794139238706,
    "TC": 3.241979413923872,
    "Invasion": 4.49197941392387,
    "AAS": 5.691979413923873
  },
  "GooseBay": {
    "RAAS": 0.7459944993142245,
    "Invasion": -0.18400550068577545,
    "AAS": -0.7540055006857755,
    "skirmish": 0.2459944993142245
  },
  "Manic": {
    "RAAS": -0.8975639016066677,
    "AAS": 1.162436098393334,
    "Invasion": 0.6024360983933323,
    "skirmish": 0.6024360983933323,
    "TC": 2.0724360983933323
  },
  "LashkarValley": {
    "RAAS": 0.8932047167597048,
    "Invasion": -0.9167952832402951,
    "skirmish": 0.05320471675970484,
    "TC": -0.09679528324029515,
    "AAS": -0.5867952832402952,
    "Insurgency": 0.05320471675970481
  },
  "Gorodok": {
    "RAAS": 0.7473670865716628,
    "AAS": -0.8626329134283368,
    "Insurgency": 0.8373670865716631,
    "Invasion": 2.5773670865716634,
    "skirmish": 1.1373670865716627,
    "Destruction": 1.617367086571664
  },
  "BlackCoast": {
    "RAAS": 3.831979413923877,
    "Invasion": 2.731979413923872,
    "AAS": 3.111979413923873,
    "Seed": 1.8619794139238706,
    "skirmish": 1.8619794139238706
  },
  "Tallil": {
    "RAAS": -0.5867952832402952,
    "Invasion": 0.05320471675970481,
    "Seed": 0.05320471675970484,
    "skirmish": 0.05320471675970484,
    "TA": 0.05320471675970484,
    "TC": 0.05320471675970481,
    "tanks": 0.05320471675970484,
    "AAS": 0.28320471675970493
  },
  "Yehorivka": {
    "RAAS": 3.337367086571664,
    "AAS": 0.637367086571663,
    "TC": -0.18263291342833707,
    "Destruction": 0.7673670865716631,
    "Invasion": 0.34736708657166315,
    "skirmish": 1.1373670865716627,
    "TA": 1.1373670865716627
  }
}