{
  "Sumari": 0.0463410737140105,
  "Logar": 0.16966773671703037,
  "Kokan": 0.02778353101082908,
  "Chora": 0.15242146984934993,
  "Mestia": 0,
  "FoolsRoad": 0,
  "Narva": 0,
  "Fallujah": 0.03276897405958961,
  "Belaya": 0,
  "Anvil": 0,
  "Mutaha": 0,
  "Kamdesh": 0.2121613280173647,
  "AlBasrah": 0.020726161382105767,
  "Kohat": 0.19027596096088703,
  "Skorpo": 0,
  "GooseBay": 0,
  "Manic": 0,
  "LashkarValley": 0.0876146363039609,
  "Gorodok": 0.06023912798487215,
  "BlackCoast": 0,
  "Tallil": 0,
  "Yehorivka": 0
}