{
  "Sumari": 0.025966969583544337,
  "Logar": 0.1982646735762469,
  "Kokan": 0,
  "Chora": 0,
  "Mestia": 0.059356707205362735,
  "FoolsRoad": 0,
  "Narva": 0.05800369181799164,
  "Fallujah": 0,
  "Belaya": 0,
  "Anvil": 0,
  "Mutaha": 0.13927236878356258,
  "Kamdesh": 0.05705477748738551,
  "AlBasrah": 0,
  "Kohat": 0,
  "Skorpo": 0.08994483834255237,
  "GooseBay": 0,
  "Manic": 0.15132742289075796,
  "LashkarValley": 0.09730737595747742,
  "Gorodok": 0,
  "BlackCoast": 0,
  "Tallil": 0.1106391895408397,
  "Yehorivka": 0.012861984814278828
}