{
  "Sumari": 0.06335174828921346,
  "Logar": 0.07579054856167755,
  "Kokan": 0.0803783955997973,
  "Chora": 0.0031317606599436136,
  "Mestia": 0.017257141575197796,
  "FoolsRoad": 0.039496403442916994,
  "Narva": 0.020470715607247815,
  "Fallujah": 0.07002637049863264,
  "Belaya": 0.012625175009279082,
  "Anvil": 0.07792638275721782,
  "Mutaha": 0.04176092029460704,
  "Kamdesh": 0.038432821505344675,
  "AlBasrah": 0.07087734411265265,
  "Kohat": 0.041507854070005935,
  "Skorpo": 0.07842539405387246,
  "GooseBay": 0.02122547409496473,
  "Manic": 0.060774316411905914,
  "LashkarValley": 0.027602263829926855,
  "Gorodok": 0.0060090368170356515,
  "BlackCoast": 0.057295055600629086,
  "Tallil": 0.06570301400246716,
  "Yehorivka": 0.02993186320546392
}