{
  "Sumari": 0.06509588471073949,
  "Logar": 0.026289615932172317,
  "Kokan": 0.024376838123224123,
  "Chora": 0.02196744098467019,
  "Mestia": 0.05167551071974219,
  "FoolsRoad": 0.08877860104578378,
  "Narva": 0.02030437957569806,
  "Fallujah": 0.04429129658480286,
  "Belaya": 0.00920363822881114,
  "Anvil": 0.06197517351419942,
  "Mutaha": 0.050435689492096585,
  "Kamdesh": 0.04646495235696035,
  "AlBasrah": 0.048500449226391,
  "Kohat": 0.0717752777934468,
  "Skorpo": 0.013334561745368949,
  "GooseBay": 0.08900634314425018,
  "Manic": 0.0033200137451244987,
  "LashkarValley": 0.09145082736172097,
  "Gorodok": 0.02949641305354932,
  "BlackCoast": 0.05952931360326459,
  "Tallil": 0.014401164113910854,
  "Yehorivka": 0.0683266149440724
}