{
  "Sumari": 0.08286465203117847,
  "Logar": 0,
  "Kokan": 0.07578696175885476,
  "Chora": 0.0008264522210711838,
  "Mestia": 0.010868091636511645,
  "FoolsRoad": 0.08149654559629975,
  "Narva": 0.00753063680624808,
  "Fallujah": 0.07817327857832129,
  "Belaya": 0.07037877699336595,
  "Anvil": 0.07484830536390939,
  "Mutaha": 0.012305039628783281,
  "Kamdesh": 0.0009523043477462393,
  "AlBasrah": 0.06400184544375792,
  "Kohat": 0.0532882165114116,
  "Skorpo": 0.0898327261647547,
  "GooseBay": 0.06116267527182615,
  "Manic": 0.05756037307045551,
  "LashkarValley": 0.001347918627510281,
  "Gorodok": 0.06024515941118479,
  "BlackCoast": 0.05505057071390814,
  "Tallil": 0.05713047805450804,
  "Yehorivka": 0.004348991768392728
}