{
  "Sumari": {
    "Insurgency": 4.397367086571668,
    "TC": 3.167367086571665,
    "Invasion": 1.8273670865716767,
    "Seed": 1.1373670865716627,
    "skirmish": 1.1373670865716627,
    "AAS": 2.467367086571663,
    "RAAS": 5.177367086571682
  },
  "Logar": {
    "Seed": 0.6024360983933323,
    "skirmish": 0.6024360983933323,
    "Insurgency": -0.07756390160664803,
    "RAAS": 2.632436098393333,
    "TC": 0.1624360983933348,
    "AAS": 4.862436098393337
  },
  "Kokan": {
    "Invasion": 0.0824360983933323,
    "Insurgency": 0.5024360983933336,
    "skirmish": 0.6024360983933323,
    "RAAS": 3.212436098393332,
    "AAS": 0.8724360983933355
  },
  "Chora": {
    "RAAS": 3.0559944993142247,
    "Invasion": 0.2459944993142247,
    "skirmish": 0.2459944993142245,
    "Insurgency": 0.8759944993142241,
    "AAS": 3.0559944993142247
  },
  "Mestia": {
    "AAS": 4.565994499314224,
    "skirmish": 0.2459944993142245,
    "Invasion": -0.03400550068577532,
    "RAAS": 0.5259944993142243,
    "TC": 1.0159944993142243
  },
  "FoolsRoad": {
    "RAAS": 2.165994499314224,
    "Invasion": -0.8740055006857756,
    "skirmish": 0.2459944993142245,
    "Destruction": 1.6159944993142277,
    "AAS": -0.004005500685775987
  },
  "Narva": {
    "RAAS": -0.5167952832402873,
    "AAS": 0.21320471675970462,
    "Invasion": -0.15679528324029476,
    "Destruction": -0.5267952832402951,
    "skirmish": 0.05320471675970484,
    "TA": 0.05320471675970484,
    "TC": -0.9567952832402953
  },
  "Fallujah": {
    "RAAS": 2.341979413923873,
    "Insurgency": 5.941979413923871,
    "Invasion": 2.20197941392387,
    "Seed": 1.8619794139238706,
    "skirmish": 1.8619794139238706,
    "AAS": 4.881979413923872
  },
  "Belaya": {
    "RAAS": 2.1159944993142243,
    "AAS": 1.5659944993142285,
    "Invasion": -0.7840055006857756,
    "skirmish": 0.2459944993142245
  },
  "Anvil": {
    "RAAS": 1.1859944993142246,
    "skirmish": 0.2459944993142245,
    "Invasion": 0.6159944993142243,
    "AAS": 2.3459944993142248
  },
  "Mutaha": {
    "RAAS": 5.871979413923871,
    "AAS": 5.81197941392387,
    "TC": 3.531979413923872,
    "Invasion": 2.2519794139238734,
    "skirmish": 1.8619794139238706
  },
  "Kamdesh": {
    "RAAS": 0.9732047167597138,
    "Invasion": -0.06679528324029524,
    "AAS": 1.3532047167597048,
    "skirmish": 0.05320471675970484,
    "Insurgency": -0.786795283240294,
    "TC": -0.5167952832402951
  },
  "AlBasrah": {
    "Insurgency": -0.4175639016066679,
    "AAS": 4.3724360983933455,
    "Invasion": 1.2524360983933354,
    "Seed": 0.6024360983933323,
    "skirmish": 0.6024360983933323,
    "TA": 0.6024360983933323,
    "RAAS": 1.5824360983933419
  },
  "Kohat": {
    "RAAS": 2.215994499314225,
    "Insurgency": 0.3559944993142308,
    "AAS": 1.7559944993142296,
    "skirmish": 0.2459944993142245,
    "Invasion": -0.5440055006857754
  },
  "Skorpo": {
    "RAAS": 3.8119794139238845,
    "skirmish": 1.8619794139238706,
    "TC": 3.561979413923874,
    "Invasion": 5.361979413923871,
    "AAS": -0.21802058607612704
  },
  "GooseBay": {
    "RAAS": -0.2140055006857757,
    "Invasion": -0.704005500685775,
    "AAS": 1.4859944993142298,
    "skirmish": 0.2459944993142245
  },
  "Manic": {
    "RAAS": -0.9575639016066684,
    "AAS": 3.332436098393339,
    "Invasion": 1.7724360983933518,
    "skirmish": 0.6024360983933323,
    "TC": 1.3124360983933339
  },
  "LashkarValley": {
    "RAAS": 0.8932047167597048,
    "Invasion": -0.1767952832402949,
    "skirmish": 0.05320471675970484,
    "TC": 0.663204716759705,
    "AAS": 0.8932047167597059,
    "Insurgency": 0.5432047167597047
  },
  "Gorodok": {
    "RAAS": 3.5673670865716662,
    "AAS": 5.337367086571662,
    "Insurgency": 0.09736708657166734,
    "Invasion": 1.9873670865716695,
    "skirmish": 1.1373670865716627,
    "Destruction": 3.317367086571664
  },
  "BlackCoast": {
    "RAAS": 4.68197941392388,
    "Invasion": 2.4019794139238737,
    "AAS": 11.041979413923872,
    "Seed": 1.8619794139238706,
    "skirmish": 1.8619794139238706
  },
  "Tallil": {
    "RAAS": -0.09679528324029515,
    "Invasion": -0.3567952832402951,
    "Seed": 0.05320471675970484,
    "skirmish": 0.05320471675970484,
    "TA": 0.05320471675970484,
    "TC": 0.05320471675970481,
    "tanks": 0.05320471675970484,
    "AAS": 2.643204716759704
  },
  "Yehorivka": {
    "RAAS": 4.677367086571667,
    "AAS": 3.727367086571663,
    "TC": 1.8073670865716713,
    "Destruction": 2.237367086571666,
    "Invasion": 1.1773670865716679,
    "skirmish": 1.1373670865716627,
    "TA": 1.1373670865716627
  }
}