{
  "Sumari": 0.08551431233007106,
  "Logar": 0.07499119368832988,
  "Kokan": 0.09546394433802854,
  "Chora": 0.20500659528816284,
  "Mestia": 0,
  "FoolsRoad": 0,
  "Narva": 0,
  "Fallujah": 0.10883002352966444,
  "Belaya": 0,
  "Anvil": 0,
  "Mutaha": 0,
  "Kamdesh": 0.013308135935356152,
  "AlBasrah": 0.03433099617534974,
  "Kohat": 0.1411502142352224,
  "Skorpo": 0,
  "GooseBay": 0,
  "Manic": 0,
  "LashkarValley": 0.16847562078382022,
  "Gorodok": 0.07292896369599464,
  "BlackCoast": 0,
  "Tallil": 0,
  "Yehorivka": 0
}