{
  "Sumari": 0.07727214152865954,
  "Logar": 0.04841707162258182,
  "Kokan": 0.07027407405413497,
  "Chora": 0.0794724415496414,
  "Mestia": 0.022786140004807765,
  "FoolsRoad": 0.06315787964801106,
  "Narva": 0.008200233696359915,
  "Fallujah": 0.0052055062436115185,
  "Belaya": 0.07233905152411003,
  "Anvil": 0.038797015907816416,
  "Mutaha": 0.0616389639950322,
  "Kamdesh": 0.04997375660855122,
  "AlBasrah": 0.04532157460419984,
  "Kohat": 0.0666737105725625,
  "Skorpo": 0.0501601721474021,
  "GooseBay": 0.01663248755990224,
  "Manic": 0.000041592414789589534,
  "LashkarValley": 0.044425834398868054,
  "Gorodok": 0.04004563369617402,
  "BlackCoast": 0.0742933907721468,
  "Tallil": 0.019608578283426603,
  "Yehorivka": 0.04526274916721041
}