{
  "Sumari": 0.05796341046984356,
  "Logar": 0.09572484221152211,
  "Kokan": 0.011552597730873025,
  "Chora": 0.0757719376044504,
  "Mestia": 0.07773094635679367,
  "FoolsRoad": 0.014462862554026948,
  "Narva": 0.032492202684982444,
  "Fallujah": 0.051910271925698255,
  "Belaya": 0.02365330133106625,
  "Anvil": 0.058619679318529405,
  "Mutaha": 0.07039982066988092,
  "Kamdesh": 0.04347297600869225,
  "AlBasrah": 0.07016933096396054,
  "Kohat": 0.0396525674981172,
  "Skorpo": 0.01268664153501974,
  "GooseBay": 0.015233041773994815,
  "Manic": 0.033047847468102985,
  "LashkarValley": 0.02175471927027325,
  "Gorodok": 0.08478400553898616,
  "BlackCoast": 0.017031625758985737,
  "Tallil": 0.07984051085936811,
  "Yehorivka": 0.01204486046683212
}