{
  "Sumari": 0.11001817117311677,
  "Logar": 0.04485715580602413,
  "Kokan": 0,
  "Chora": 0,
  "Mestia": 0.13705568647887617,
  "FoolsRoad": 0,
  "Narva": 0.014126298113257335,
  "Fallujah": 0,
  "Belaya": 0,
  "Anvil": 0,
  "Mutaha": 0.06259603844104458,
  "Kamdesh": 0.06368087904285984,
  "AlBasrah": 0,
  "Kohat": 0,
  "Skorpo": 0.07564865049249204,
  "GooseBay": 0,
  "Manic": 0.13816166740993202,
  "LashkarValley": 0.1310733961347634,
  "Gorodok": 0,
  "BlackCoast": 0,
  "Tallil": 0.11411665627572513,
  "Yehorivka": 0.10866540063190851
}