{
  "Sumari": 0.05695788211645697,
  "Logar": 0,
  "Kokan": 0.05212148761125401,
  "Chora": 0.058958976870123705,
  "Mestia": 0.03888126397283552,
  "FoolsRoad": 0.005452733581826658,
  "Narva": 0.03933436658072608,
  "Fallujah": 0.07018392403117062,
  "Belaya": 0.0013699298451833864,
  "Anvil": 0.0805942904924823,
  "Mutaha": 0.07497226088810031,
  "Kamdesh": 0.04962793961756095,
  "AlBasrah": 0.07685397035708467,
  "Kohat": 0.02507464004440226,
  "Skorpo": 0.0789457941917446,
  "GooseBay": 0.0012342904853170494,
  "Manic": 0.06925690041010733,
  "LashkarValley": 0.05505573629325046,
  "Gorodok": 0.07357522679682106,
  "BlackCoast": 0.02249204736607465,
  "Tallil": 0.03864209190419009,
  "Yehorivka": 0.03041424654328726
}