{
  "Sumari": 0.006232160149651864,
  "Logar": 0,
  "Kokan": 0,
  "Chora": 0,
  "Mestia": 0,
  "FoolsRoad": 0.3371534778168232,
  "Narva": 0.32292807546285224,
  "Fallujah": 0,
  "Belaya": 0,
  "Anvil": 0,
  "Mutaha": 0,
  "Kamdesh": 0,
  "AlBasrah": 0,
  "Kohat": 0,
  "Skorpo": 0,
  "GooseBay": 0,
  "Manic": 0,
  "LashkarValley": 0,
  "Gorodok": 0.1635355948258841,
  "BlackCoast": 0,
  "Tallil": 0,
  "Yehorivka": 0.17015069174478858
}