{
  "Sumari": {
    "Insurgency": 3.397367086571668,
    "TC": 2.8273670865716642,
    "Invasion": 1.32736708657167,
    "Seed": 1.1373670865716627,
    "skirmish": 1.1373670865716627,
    "AAS": 2.967367086571663,
    "RAAS": 3.7573670865716817
  },
  "Logar": {
    "Seed": 0.6024360983933323,
    "skirmish": 0.6024360983933323,
    "Insurgency": 1.2424360983933522,
    "RAAS": 1.472436098393332,
    "TC": 0.1624360983933348,
    "AAS": 2.0624360983933325
  },
  "Kokan": {
    "Invasion": -0.09756390160666736,
    "Insurgency": 0.7024360983933338,
    "skirmish": 0.6024360983933323,
    "RAAS": 0.9624360983933324,
    "AAS": 1.6224360983933348
  },
  "Chora": {
    "RAAS": 1.555994499314225,
    "Invasion": 0.4959944993142249,
    "skirmish": 0.2459944993142245,
    "Insurgency": -0.6240055006857759,
    "AAS": -0.6940055006857754
  },
  "Mestia": {
    "AAS": 4.565994499314224,
    "skirmish": 0.2459944993142245,
    "Invasion": -0.5340055006857753,
    "RAAS": 1.4959944993142242,
    "TC": 1.0159944993142243
  },
  "FoolsRoad": {
    "RAAS": 1.1659944993142244,
    "Invasion": -0.8740055006857756,
    "skirmish": 0.2459944993142245,
    "Destruction": 1.1259944993142252,
    "AAS": 0.6559944993142242
  },
  "Narva": {
    "RAAS": 1.4432047167597126,
    "AAS": -0.2567952832402953,
    "Invasion": 0.593204716759705,
    "Destruction": -0.5267952832402951,
    "skirmish": 0.05320471675970484,
    "TA": 0.05320471675970484,
    "TC": 0.5332047167597047
  },
  "Fallujah": {
    "RAAS": 2.341979413923873,
    "Insurgency": 4.89197941392387,
    "Invasion": 2.20197941392387,
    "Seed": 1.8619794139238706,
    "skirmish": 1.8619794139238706,
    "AAS": 4.881979413923872
  },
  "Belaya": {
    "RAAS": -0.3840055006857752,
    "AAS": 3.4359944993142255,
    "Invasion": 0.9659944993142242,
    "skirmish": 0.2459944993142245
  },
  "Anvil": {
    "RAAS": 2.1059944993142246,
    "skirmish": 0.2459944993142245,
    "Invasion": 0.4659944993142242,
    "AAS": -0.37400550068577565
  },
  "Mutaha": {
    "RAAS": 5.42197941392387,
    "AAS": 4.441979413923869,
    "TC": 3.0419794139238707,
    "Invasion": 3.091979413923873,
    "skirmish": 1.8619794139238706
  },
  "Kamdesh": {
    "RAAS": 1.913204716759713,
    "Invasion": -0.44679528324029516,
    "AAS": 1.3532047167597048,
    "skirmish": 0.05320471675970484,
    "Insurgency": -0.286795283240294,
    "TC": 0.9832047167597049
  },
  "AlBasrah": {
    "Insurgency": 1.022436098393332,
    "AAS": 3.8724360983933463,
    "Invasion": 0.36243609839333546,
    "Seed": 0.6024360983933323,
    "skirmish": 0.6024360983933323,
    "TA": 0.6024360983933323,
    "RAAS": 1.9324360983933404
  },
  "Kohat": {
    "RAAS": 1.2859944993142243,
    "Insurgency": -0.1440055006857692,
    "AAS": -0.25400550068577554,
    "skirmish": 0.2459944993142245,
    "Invasion": -0.19400550068577546
  },
  "Skorpo": {
    "RAAS": 3.8119794139238774,
    "skirmish": 1.8619794139238706,
    "TC": 3.641979413923874,
    "Invasion": 4.98197941392387,
    "AAS": -0.11802058607612739
  },
  "GooseBay": {
    "RAAS": 2.7459944993142242,
    "Invasion": 1.1459944993142248,
    "AAS": 2.7459944993142242,
    "skirmish": 0.2459944993142245
  },
  "Manic": {
    "RAAS": 4.522436098393332,
    "AAS": 5.122436098393337,
    "Invasion": 1.012436098393349,
    "skirmish": 0.6024360983933323,
    "TC": 0.8224360983933339
  },
  "LashkarValley": {
    "RAAS": 0.8932047167597048,
    "Invasion": -0.5367952832402952,
    "skirmish": 0.05320471675970484,
    "TC": -0.33679528324029495,
    "AAS": 2.713204716759705,
    "Insurgency": -0.45679528324029517
  },
  "Gorodok": {
    "RAAS": 3.5673670865716645,
    "AAS": 4.5773670865716625,
    "Insurgency": -0.9026329134283326,
    "Invasion": -0.12263291342833679,
    "skirmish": 1.1373670865716627,
    "Destruction": 2.6973670865716644
  },
  "BlackCoast": {
    "RAAS": 4.20197941392388,
    "Invasion": 2.801979413923873,
    "AAS": 11.631979413923872,
    "Seed": 1.8619794139238706,
    "skirmish": 1.8619794139238706
  },
  "Tallil": {
    "RAAS": 0.3732047167597048,
    "Invasion": -0.9467952832402952,
    "Seed": 0.05320471675970484,
    "skirmish": 0.05320471675970484,
    "TA": 0.05320471675970484,
    "TC": 0.05320471675970481,
    "tanks": 0.05320471675970484,
    "AAS": -0.20679528324029525
  },
  "Yehorivka": {
    "RAAS": 5.107367086571667,
    "AAS": 3.2873670865716633,
    "TC": 1.8173670865716651,
    "Destruction": 2.2373670865716666,
    "Invasion": 1.6673670865716677,
    "skirmish": 1.1373670865716627,
    "TA": 1.1373670865716627
  }
}