{
  "Sumari": 0.30801205554884825,
  "Logar": 0,
  "Kokan": 0,
  "Chora": 0,
  "Mestia": 0,
  "FoolsRoad": 0.2709774051907807,
  "Narva": 0.21181324278961328,
  "Fallujah": 0,
  "Belaya": 0,
  "Anvil": 0,
  "Mutaha": 0,
  "Kamdesh": 0,
  "AlBasrah": 0,
  "Kohat": 0,
  "Skorpo": 0,
  "GooseBay": 0,
  "Manic": 0,
  "LashkarValley": 0,
  "Gorodok": 0.11766016324939291,
  "BlackCoast": 0,
  "Tallil": 0,
  "Yehorivka": 0.0915371332213649
}