{
  "Sumari": 0.12874147253650572,
  "Logar": 0.13507715079126806,
  "Kokan": 0.1338253927880628,
  "Chora": 0.03359796167757473,
  "Mestia": 0,
  "FoolsRoad": 0,
  "Narva": 0,
  "Fallujah": 0.1094130495692061,
  "Belaya": 0,
  "Anvil": 0,
  "Mutaha": 0,
  "Kamdesh": 0.12590425610359937,
  "AlBasrah": 0.12362510031434651,
  "Kohat": 0.10589494501224499,
  "Skorpo": 0,
  "GooseBay": 0,
  "Manic": 0,
  "LashkarValley": 0.10036160497838828,
  "Gorodok": 0.0035590662288035,
  "BlackCoast": 0,
  "Tallil": 0,
  "Yehorivka": 0
}