{
  "Sumari": 0.029088215668496516,
  "Logar": 0.01691322288863153,
  "Kokan": 0.028315975461022533,
  "Chora": 0.00001848758510463405,
  "Mestia": 0.09783470934552907,
  "FoolsRoad": 0.019008754420974796,
  "Narva": 0.022548253603485256,
  "Fallujah": 0.05243576765283943,
  "Belaya": 0.08308747875409862,
  "Anvil": 0.008586129264327145,
  "Mutaha": 0.06202005187400797,
  "Kamdesh": 0.06962255853312181,
  "AlBasrah": 0.04891783353849903,
  "Kohat": 0.004820382816306895,
  "Skorpo": 0.06493180848374347,
  "GooseBay": 0.07720110097469472,
  "Manic": 0.07784444182390801,
  "LashkarValley": 0.08226470057834942,
  "Gorodok": 0.07510732078028359,
  "BlackCoast": 0.000767676159258028,
  "Tallil": 0.009104575176260177,
  "Yehorivka": 0.06956055461705758
}