{
  "Sumari": 0.02749965778781311,
  "Logar": 0,
  "Kokan": 0.03666052394080431,
  "Chora": 0.07879953266986954,
  "Mestia": 0.03537744015800997,
  "FoolsRoad": 0.008563521209407064,
  "Narva": 0.09048839829801224,
  "Fallujah": 0.06270989661856718,
  "Belaya": 0.09700114880527752,
  "Anvil": 0.06812302540117646,
  "Mutaha": 0.06973564062811108,
  "Kamdesh": 0.03313128605779133,
  "AlBasrah": 0.03378625446041612,
  "Kohat": 0.02729235648265481,
  "Skorpo": 0.0020184796383881437,
  "GooseBay": 0.10154546843563078,
  "Manic": 0.04305066117161026,
  "LashkarValley": 0.02495202576236281,
  "Gorodok": 0.027581421031530072,
  "BlackCoast": 0.05852229791380503,
  "Tallil": 0.023885212723389965,
  "Yehorivka": 0.04927575080537248
}