{
  "Sumari": 0.031534137658762555,
  "Logar": 0.03367655318146003,
  "Kokan": 0.020421474191137958,
  "Chora": 0.06485312105912874,
  "Mestia": 0.04274979333303386,
  "FoolsRoad": 0.03807371975028303,
  "Narva": 0.04421895388404116,
  "Fallujah": 0.08821082467085725,
  "Belaya": 0.014868155967515962,
  "Anvil": 0.05995506413061158,
  "Mutaha": 0.09099309991991161,
  "Kamdesh": 0.07419714013653077,
  "AlBasrah": 0.031002828125200485,
  "Kohat": 0.03139559535972801,
  "Skorpo": 0.006450493643637811,
  "GooseBay": 0.0780113999277886,
  "Manic": 0.04800619135041357,
  "LashkarValley": 0.026157835538616912,
  "Gorodok": 0.061278970202352144,
  "BlackCoast": 0.037934998829916945,
  "Tallil": 0.030078541316266246,
  "Yehorivka": 0.0459311078228048
}