{
  "Sumari": 0.09577174521819942,
  "Logar": 0.012468773917971186,
  "Kokan": 0,
  "Chora": 0,
  "Mestia": 0.09120457152302885,
  "FoolsRoad": 0,
  "Narva": 0.08442083353627086,
  "Fallujah": 0,
  "Belaya": 0,
  "Anvil": 0,
  "Mutaha": 0.13576625340993606,
  "Kamdesh": 0.1561366095816421,
  "AlBasrah": 0,
  "Kohat": 0,
  "Skorpo": 0.17545716974157863,
  "GooseBay": 0,
  "Manic": 0.02359604564575134,
  "LashkarValley": 0.059717384210423385,
  "Gorodok": 0,
  "BlackCoast": 0,
  "Tallil": 0.07356433167774966,
  "Yehorivka": 0.09189628153744848
}