{
  "Sumari": {
    "Insurgency": 1.5773670865716627,
    "TC": 0.3073670865716629,
    "Invasion": 1.9373670865716714,
    "Seed": 1.1373670865716627,
    "skirmish": 1.1373670865716627,
    "AAS": -0.06263291342833718,
    "RAAS": 1.7573670865716668
  },
  "Logar": {
    "Seed": 0.6024360983933323,
    "skirmish": 0.6024360983933323,
    "Insurgency": 0.9124360983933326,
    "RAAS": 1.3624360983933321,
    "TC": 0.6024360983933323,
    "AAS": 1.292436098393334
  },
  "Kokan": {
    "Invasion": 0.3024360983933321,
    "Insurgency": 1.2224360983933322,
    "skirmish": 0.6024360983933323,
    "RAAS": 2.3024360983933327,
    "AAS": 2.5624360983933334
  },
  "Chora": {
    "RAAS": 1.2359944993142244,
    "Invasion": 0.5959944993142245,
    "skirmish": 0.2459944993142245,
    "Insurgency": 0.24599449931422443,
    "AAS": 1.1159944993142243
  },
  "Mestia": {
    "AAS": -0.6840055006857755,
    "skirmish": 0.2459944993142245,
    "Invasion": 0.8259944993142241,
    "RAAS": 0.09599449931422452,
    "TC": -0.25400550068577554
  },
  "FoolsRoad": {
    "RAAS": -0.25400550068577554,
    "Invasion": 1.3559944993142246,
    "skirmish": 0.2459944993142245,
    "Destruction": -0.4540055006857755,
    "AAS": -0.7340055006857755
  },
  "Narva": {
    "RAAS": -0.4967952832402951,
    "AAS": -0.8067952832402951,
    "Invasion": 1.053204716759705,
    "Destruction": -0.32679528324029516,
    "skirmish": 0.05320471675970484,
    "TA": 0.05320471675970484,
    "TC": -0.39679528324029467
  },
  "Fallujah": {
    "RAAS": 5.661979413923872,
    "Insurgency": 4.20197941392387,
    "Invasion": 2.9619794139238707,
    "Seed": 1.8619794139238706,
    "skirmish": 1.8619794139238706,
    "AAS": 1.6619794139238735
  },
  "Belaya": {
    "RAAS": 0.5959944993142245,
    "AAS": 0.10599449931422453,
    "Invasion": 1.0359944993142238,
    "skirmish": 0.2459944993142245
  },
  "Anvil": {
    "RAAS": -0.7440055006857755,
    "skirmish": 0.2459944993142245,
    "Invasion": 0.7459944993142245,
    "AAS": -0.7340055006857755
  },
  "Mutaha": {
    "RAAS": 7.351979413923871,
    "AAS": 4.871979413923871,
    "TC": 1.3719794139238712,
    "Invasion": 1.861979413923879,
    "skirmish": 1.8619794139238706
  },
  "Kamdesh": {
    "RAAS": 0.4132047167597048,
    "Invasion": 0.05320471675970481,
    "AAS": -0.5867952832402952,
    "skirmish": 0.05320471675970484,
    "Insurgency": -0.7167952832402951,
    "TC": 0.21320471675970462
  },
  "AlBasrah": {
    "Insurgency": 0.8624360983933326,
    "AAS": 1.5824360983933339,
    "Invasion": 0.7224360983933322,
    "Seed": 0.6024360983933323,
    "skirmish": 0.6024360983933323,
    "TA": 0.6024360983933323,
    "RAAS": 1.6024360983933348
  },
  "Kohat": {
    "RAAS": -0.7540055006857755,
    "Insurgency": -0.5540055006857754,
    "AAS": -0.7540055006857755,
    "skirmish": 0.2459944993142245,
    "Invasion": 0.24599449931422443
  },
  "Skorpo": {
    "RAAS": 0.49197941392387046,
    "skirmish": 1.8619794139238706,
    "TC": 3.0119794139238714,
    "Invasion": 2.8319794139238716,
    "AAS": 0.40197941392387193
  },
  "GooseBay": {
    "RAAS": 0.38599449931422447,
    "Invasion": -0.7540055006857755,
    "AAS": 1.0559944993142276,
    "skirmish": 0.2459944993142245
  },
  "Manic": {
    "RAAS": 0.6524360983933324,
    "AAS": -0.3075639016066676,
    "Invasion": 1.5824360983933339,
    "skirmish": 0.6024360983933323,
    "TC": 1.4824360983933322
  },
  "LashkarValley": {
    "RAAS": -0.5867952832402952,
    "Invasion": 0.05320471675970481,
    "skirmish": 0.05320471675970484,
    "TC": -0.09679528324029515,
    "AAS": 0.4932047167597049,
    "Insurgency": -0.7567952832402952
  },
  "Gorodok": {
    "RAAS": 0.43736708657166345,
    "AAS": 4.547367086571663,
    "Insurgency": -0.2626329134283367,
    "Invasion": 2.1073670865716636,
    "skirmish": 1.1373670865716627,
    "Destruction": 2.087367086571664
  },
  "BlackCoast": {
    "RAAS": 1.9519794139238786,
    "Invasion": 1.6419794139238775,
    "AAS": 4.201979413923873,
    "Seed": 1.8619794139238706,
    "skirmish": 1.8619794139238706
  },
  "Tallil": {
    "RAAS": -0.08679528324029515,
    "Invasion": -0.42679528324029514,
    "Seed": 0.05320471675970484,
    "skirmish": 0.05320471675970484,
    "TA": 0.05320471675970484,
    "TC": 0.05320471675970481,
    "tanks": 0.05320471675970484,
    "AAS": -0.4167952832402949
  },
  "Yehorivka": {
    "RAAS": 0.49736708657166284,
    "AAS": 2.4773670865716637,
    "TC": 1.2873670865716629,
    "Destruction": 0.7473670865716631,
    "Invasion": 0.647367086571663,
    "skirmish": 1.1373670865716627,
    "TA": 1.1373670865716627
  }
}