{
  "Sumari": 0.0613662160119899,
  "Logar": 0,
  "Kokan": 0.02071753474069865,
  "Chora": 0.06506632534330656,
  "Mestia": 0.06994300599704896,
  "FoolsRoad": 0.07925613125009444,
  "Narva": 0.0821485095116102,
  "Fallujah": 0.040867044456132345,
  "Belaya": 0.07684379147713359,
  "Anvil": 0.05877600638746071,
  "Mutaha": 0.016291201299039024,
  "Kamdesh": 0.03849785614256666,
  "AlBasrah": 0.02272040930796837,
  "Kohat": 0.05638748007674683,
  "Skorpo": 0.058625060145663,
  "GooseBay": 0.017601856464221775,
  "Manic": 0.07305098555597267,
  "LashkarValley": 0.03297142491393833,
  "Gorodok": 0.06998784290074762,
  "BlackCoast": 0.022268439891463866,
  "Tallil": 0.028335647152136535,
  "Yehorivka": 0.008277230974059968
}