{
  "Sumari": 0.38280241595469394,
  "Logar": 0,
  "Kokan": 0,
  "Chora": 0,
  "Mestia": 0,
  "FoolsRoad": 0.11944875956309256,
  "Narva": 0.35604998446819625,
  "Fallujah": 0,
  "Belaya": 0,
  "Anvil": 0,
  "Mutaha": 0,
  "Kamdesh": 0,
  "AlBasrah": 0,
  "Kohat": 0,
  "Skorpo": 0,
  "GooseBay": 0,
  "Manic": 0,
  "LashkarValley": 0,
  "Gorodok": 0.1269305721176895,
  "BlackCoast": 0,
  "Tallil": 0,
  "Yehorivka": 0.014768267896328027
}