{
  "Sumari": 0.04671099133320487,
  "Logar": 0.05645923990357172,
  "Kokan": 0.05816149720393898,
  "Chora": 0.06830879197774518,
  "Mestia": 0.04988857312459673,
  "FoolsRoad": 0.03857050969691245,
  "Narva": 0.036677767165096006,
  "Fallujah": 0.0637367042458124,
  "Belaya": 0.06054946657432167,
  "Anvil": 0.020845978199218535,
  "Mutaha": 0.0815094983428966,
  "Kamdesh": 0.0711756545631969,
  "AlBasrah": 0.05849245318778674,
  "Kohat": 0.004612732506459784,
  "Skorpo": 0.01013448800606334,
  "GooseBay": 0.05434972370115884,
  "Manic": 0.06235669514208271,
  "LashkarValley": 0.027973245995224532,
  "Gorodok": 0.028272336092025403,
  "BlackCoast": 0.03361147085259472,
  "Tallil": 0.04794779702620345,
  "Yehorivka": 0.019654385159888578
}