{
  "Sumari": 0.005284014813054005,
  "Logar": 0.08058710828237037,
  "Kokan": 0,
  "Chora": 0,
  "Mestia": 0.07637007602886378,
  "FoolsRoad": 0,
  "Narva": 0.07976012244226668,
  "Fallujah": 0,
  "Belaya": 0,
  "Anvil": 0,
  "Mutaha": 0.0005711564212389977,
  "Kamdesh": 0.13430041068441076,
  "AlBasrah": 0,
  "Kohat": 0,
  "Skorpo": 0.12146346019863015,
  "GooseBay": 0,
  "Manic": 0.13096201117397221,
  "LashkarValley": 0.11945316147277939,
  "Gorodok": 0,
  "BlackCoast": 0,
  "Tallil": 0.12173380689715495,
  "Yehorivka": 0.1295146715852587
}