{
  "Sumari": 0.0940562051327679,
  "Logar": 0.10131480264106255,
  "Kokan": 0.164336917363133,
  "Chora": 0.1402685520180672,
  "Mestia": 0,
  "FoolsRoad": 0,
  "Narva": 0,
  "Fallujah": 0.16359982434783576,
  "Belaya": 0,
  "Anvil": 0,
  "Mutaha": 0,
  "Kamdesh": 0.06810011660677497,
  "AlBasrah": 0.13178729307830958,
  "Kohat": 0.05718042006982704,
  "Skorpo": 0,
  "GooseBay": 0,
  "Manic": 0,
  "LashkarValley": 0.026757804192145983,
  "Gorodok": 0.05259806455007587,
  "BlackCoast": 0,
  "Tallil": 0,
  "Yehorivka": 0
}