{
  "Sumari": 0.018142396982922207,
  "Logar": 0.0738228107180772,
  "Kokan": 0.08989142290538586,
  "Chora": 0.07368993537107561,
  "Mestia": 0.010526435915667808,
  "FoolsRoad": 0.010374869616218595,
  "Narva": 0.010457962350680984,
  "Fallujah": 0.028031901928659165,
  "Belaya": 0.04192710516341227,
  "Anvil": 0.013507566638236202,
  "Mutaha": 0.07361453392468346,
  "Kamdesh": 0.026488341623931218,
  "AlBasrah": 0.06367714169181014,
  "Kohat": 0.01504357776534975,
  "Skorpo": 0.018105914364166323,
  "GooseBay": 0.09477052296170398,
  "Manic": 0.026485240263327194,
  "LashkarValley": 0.08101670078608436,
  "Gorodok": 0.08035234519285087,
  "BlackCoast": 0.05445816914359035,
  "Tallil": 0.04163879070090298,
  "Yehorivka": 0.05397631399126375
}