{
  "Sumari": [
    0.0,
    0.0,
    0.0,
    0.0,
    0.8,
    0.0,
    1.0,
    0.0,
    0.3
  ],
  "Logar": [
    0.05316288334,
    0.0,
    0.0,
    0.0,
    1.0,
    0.0,
    0.9,
    0.4,
    0.2
  ],
  "Kokan": [
    0.118594234,
    0.0,
    0.0,
    0.0,
    0.8,
    0.0,
    0.6,
    0.0,
    1.0
  ],
  "Chora": [
    0.1224291689,
    0.0,
    0.0,
    0.0,
    0.7,
    0.0,
    0.15,
    0.0,
    0.7
  ],
  "Mestia": [
    0.1474096736,
    0.8,
    0.0,
    0.0,
    0.0,
    0.8,
    0.0,
    0.7,
    0.0
  ],
  "FoolsRoad": [
    0.1551032892,
    0.9,
    0.0,
    0.0,
    0.0,
    1.0,
    0.03,
    1.0,
    0.0
  ],
  "Narva": [
    0.2420126498,
    0.0,
    0.0,
    0.1,
    0.0,
    0.2,
    1.0,
    0.0,
    0.2
  ],
  "Fallujah": [
    0.2993585804,
    0.0,
    0.0,
    0.02,
    0.7,
    0.0,
    1.0,
    0.01,
    0.03
  ],
  "Belaya": [
    0.3478283583,
    0.75,
    0.7,
    0.0,
    0.0,
    0.0,
    0.25,
    0.35,
    0.05
  ],
  "Anvil": [
    0.3759385499,
    0.0,
    0.0,
    0.0,
    0.7,
    0.0,
    0.08,
    0.55,
    0.05
  ],
  "Mutaha": [
    0.4281791492,
    0.0,
    0.0,
    0.0,
    0.7,
    0.0,
    0.7,
    0.0,
    0.5
  ],
  "Kamdesh": [
    0.4281791492,
    1.0,
    0.0,
    0.0,
    0.3,
    0.3,
    0.05,
    0.1,
    0.07
  ],
  "AlBasrah": [
    0.444801158,
    0.0,
    0.0,
    0.076,
    1.0,
    0.0,
    0.5,
    0.0,
    0.09
  ],
  "Kohat": [
    0.5216542033,
    0.0,
    0.0,
    0.0,
    0.9,
    0.0,
    0.01,
    1.0,
    0.3
  ],
  "Skorpo": [
    0.7489839203,
    0.6,
    0.0,
    0.2,
    0.0,
    0.75,
    0.3,
    0.45,
    0.0
  ],
  "GooseBay": [
    0.7684554164,
    0.7,
    1.0,
    0.2,
    0.0,
    0.0,
    0.1,
    0.15,
    0.0
  ],
  "Manic": [
    0.8656941683,
    0.5,
    0.0,
    0.0,
    0.0,
    0.65,
    0.02,
    0.9,
    0.0
  ],
  "LashkarValley": [
    0.8876589658,
    0.2,
    0.0,
    0.0,
    0.1,
    0.0,
    0.02,
    1.0,
    0.1
  ],
  "Gorodok": [
    0.9125919791,
    0.7,
    0.0,
    0.0,
    0.0,
    1.0,
    0.01,
    0.05,
    0.25
  ],
  "BlackCoast": [
    0.9364861168,
    0.8,
    0.0,
    0.29,
    0.0,
    1.0,
    0.35,
    0.65,
    0.2
  ],
  "Tallil": [
    0.9850164463,
    0.0,
    0.0,
    0.0,
    1.0,
    0.0,
    0.05,
    0.0,
    0.0
  ],
  "Yehorivka": [
    1.0,
    0.7,
    0.0,
    0.0,
    0.0,
    1.0,
    0.1,
    0.4,
    0.65
  ]
}