{
  "Sumari": {
    "Insurgency": 0.13927129085938225,
    "Invasion": 0.04754400573539323,
    "Seed": 0.16666666666666666,
    "skirmish": 0.045598899157646755,
    "AAS": 0.004979398651845668,
    "RAAS": 0.003403244393456802
  },
  "Logar": {
    "Insurgency": 0.014187969850830828,
    "Seed": 0.16666666666666666,
    "skirmish": 0.045598899157646755,
    "AAS": 0.0028018786781739734,
    "RAAS": 0.002045146869614068
  },
  "Kokan": {
    "Insurgency": 0.09794738609785766,
    "Invasion": 0.057118314868906526,
    "skirmish": 0.045598899157646755,
    "AAS": 0.021078632331196796,
    "RAAS": 0.021871609534009726
  },
  "Chora": {
    "Insurgency": 0.09794738609785766,
    "Invasion": 0.04754400573539323,
    "skirmish": 0.045598899157646755,
    "AAS": 0.025264304335962683,
    "RAAS": 0.0232577783561375
  },
  "Mestia": {
    "Invasion": 0.02557099986924816,
    "skirmish": 0.045598899157646755,
    "AAS": 0.03545603091268702,
    "RAAS": 0.011086121326956978
  },
  "FoolsRoad": {
    "Invasion": 0.04754400573539323,
    "skirmish": 0.045598899157646755,
    "AAS": 0.024940560368820645,
    "RAAS": 0.03787858064274403,
    "Destruction": 0.1908401559936376
  },
  "Narva": {
    "Invasion": 0.0440164551249848,
    "skirmish": 0.045598899157646755,
    "AAS": 0.08532766665381025,
    "RAAS": 0.08866233358145682,
    "Destruction": 0.28944552230804815,
    "TA": 0.25
  },
  "Fallujah": {
    "Insurgency": 0.11253028597035332,
    "Invasion": 0.05011824552564515,
    "Seed": 0.16666666666666666,
    "skirmish": 0.045598899157646755,
    "AAS": 0.02921467942150665,
    "RAAS": 0.06211925129834749
  },
  "Belaya": {
    "Invasion": 0.04421055212807916,
    "skirmish": 0.045598899157646755,
    "AAS": 0.07231518372109204,
    "RAAS": 0.05435116911400204
  },
  "Anvil": {
    "Invasion": 0.029846331474803686,
    "skirmish": 0.045598899157646755,
    "AAS": 0.01661206155141416,
    "RAAS": 0.016237149439261495
  },
  "Mutaha": {
    "Invasion": 0.04754400573539323,
    "skirmish": 0.045598899157646755,
    "AAS": 0.07639122790395465,
    "RAAS": 0.07791830073584284
  },
  "Kamdesh": {
    "Insurgency": 0.10161869231305404,
    "Invasion": 0.04764386340475893,
    "skirmish": 0.045598899157646755,
    "AAS": 0.045531078121085096,
    "RAAS": 0.023125380610537295
  },
  "AlBasrah": {
    "Insurgency": 0.13304755655514588,
    "Invasion": 0.0450907790343506,
    "Seed": 0.16666666666666666,
    "skirmish": 0.045598899157646755,
    "AAS": 0.012917263736439547,
    "RAAS": 0.0013149923071000746,
    "TA": 0.25
  },
  "Kohat": {
    "Insurgency": 0.11962103362824897,
    "Invasion": 0.040154276766722855,
    "skirmish": 0.045598899157646755,
    "AAS": 0.04893952048882173,
    "RAAS": 0.05142464390106438
  },
  "Skorpo": {
    "Invasion": 0.029846331474803686,
    "skirmish": 0.045598899157646755,
    "AAS": 0.03875218202412142,
    "RAAS": 0.060451661611673174
  },
  "GooseBay": {
    "Invasion": 0.07232714354161011,
    "skirmish": 0.045598899157646755,
    "AAS": 0.08571770235716007,
    "RAAS": 0.08787284625709196
  },
  "Manic": {
    "Invasion": 0.05081835061928586,
    "skirmish": 0.045598899157646755,
    "AAS": 0.03545603091268702,
    "RAAS": 0.03308246274358339
  },
  "LashkarValley": {
    "Insurgency": 0.050780842072123286,
    "Invasion": 0.03840456522446961,
    "skirmish": 0.04242311768941758,
    "AAS": 0.029302693655220157,
    "RAAS": 0.0176181012011155
  },
  "Gorodok": {
    "Insurgency": 0.13304755655514588,
    "Invasion": 0.05707897920306378,
    "skirmish": 0.045598899157646755,
    "AAS": 0.07639085233340405,
    "RAAS": 0.08584091960690761,
    "Destruction": 0.1908401559936376
  },
  "BlackCoast": {
    "Invasion": 0.0842699566118536,
    "Seed": 0.16666666666666666,
    "skirmish": 0.045598899157646755,
    "AAS": 0.09026147254215984,
    "RAAS": 0.08899424446535552
  },
  "Tallil": {
    "Invasion": 0.04576482645044718,
    "Seed": 0.16666666666666666,
    "skirmish": 0.045598899157646755,
    "AAS": 0.055606125329483176,
    "RAAS": 0.06596822816746241,
    "TA": 0.25,
    "tanks": 1
  },
  "Yehorivka": {
    "Invasion": 0.04754400573539323,
    "skirmish": 0.045598899157646755,
    "AAS": 0.08674345396895326,
    "RAAS": 0.08547583383627883,
    "Destruction": 0.32887416570467654,
    "TA": 0.25
  }
}