{
  "Sumari": {
    "Insurgency": 0.15662234878819753,
    "Seed": 0.16666666666666666,
    "Invasion": 0.04356338757613945,
    "AAS": 0.005196744641615845,
    "RAAS": 0.00122755510745804
  },
  "Logar": {
    "Seed": 0.16666666666666666,
    "Insurgency": 0.015955572385818503,
    "RAAS": 0.0008473211105994322,
    "AAS": 0.0014040786496397227
  },
  "Kokan": {
    "Invasion": 0.04708841149567106,
    "Insurgency": 0.05099404663872867,
    "RAAS": 0.023387441499792088,
    "AAS": 0.02199869447672286
  },
  "Chora": {
    "RAAS": 0.02588700960869081,
    "Invasion": 0.0333709633266716,
    "Insurgency": 0.06367789505459091,
    "AAS": 0.024233645713408806
  },
  "Mestia": {
    "AAS": 0.024635958353518825,
    "Invasion": 0.025793620929784027,
    "RAAS": 0.010431813186578797
  },
  "FoolsRoad": {
    "RAAS": 0.02156977762276072,
    "Invasion": 0.04356338757613945,
    "Destruction": 0.18711029058724327,
    "AAS": 0.02199869447672471
  },
  "Narva": {
    "RAAS": 0.08848144715171828,
    "AAS": 0.08815374140387094,
    "Invasion": 0.04358763422323219,
    "Destruction": 0.3033329169808454
  },
  "Fallujah": {
    "RAAS": 0.06383463168513814,
    "Invasion": 0.055734269565658905,
    "Insurgency": 0.14962323304116693,
    "Seed": 0.16666666666666666,
    "AAS": 0.03532368924515084
  },
  "Belaya": {
    "RAAS": 0.06627297243945639,
    "AAS": 0.07547164370226134,
    "Invasion": 0.06080588140392355
  },
  "Anvil": {
    "RAAS": 0.02070834982802889,
    "Invasion": 0.03177320352197734,
    "AAS": 0.010368227208695442
  },
  "Mutaha": {
    "RAAS": 0.08522146055891458,
    "AAS": 0.07303822738011743,
    "Invasion": 0.06080049984892615
  },
  "Kamdesh": {
    "RAAS": 0.023244215609959446,
    "Invasion": 0.04296022084943882,
    "AAS": 0.037003652758385915,
    "Insurgency": 0.11839592597762012
  },
  "AlBasrah": {
    "Insurgency": 0.1265498265272736,
    "AAS": 0.009061720639219251,
    "Invasion": 0.05061037460906929,
    "Seed": 0.16666666666666666,
    "RAAS": 0.0020556563194291983
  },
  "Kohat": {
    "RAAS": 0.050307451526384904,
    "Insurgency": 0.1265498265272736,
    "AAS": 0.04751214753732561,
    "Invasion": 0.04007765176686945
  },
  "Skorpo": {
    "RAAS": 0.06076230614942638,
    "Invasion": 0.046256199009902056,
    "AAS": 0.051075683820951887
  },
  "GooseBay": {
    "RAAS": 0.08911794504085262,
    "Invasion": 0.06976333395383925,
    "AAS": 0.0925092356094068
  },
  "Lashkar": {
    "AAS": 0.04397877447478156,
    "RAAS": 0.03170114143605063,
    "Invasion": 0.04356338757613945,
    "Insurgency": 0.05710735292034289
  },
  "Gorodok": {
    "RAAS": 0.08671167009330824,
    "AAS": 0.09315137049440635,
    "Insurgency": 0.13452397213898715,
    "Invasion": 0.0669478558679795,
    "Destruction": 0.18711029058724327
  },
  "BlackCoast": {
    "RAAS": 0.08945734788201018,
    "Invasion": 0.08902711025896304,
    "AAS": 0.09373291540137742,
    "Seed": 0.16666666666666666
  },
  "Tallil": {
    "RAAS": 0.07104634808264826,
    "Invasion": 0.05061343541520268,
    "Seed": 0.16666666666666666,
    "AAS": 0.05632521552860704
  },
  "Yehorivka": {
    "RAAS": 0.08772613806079399,
    "AAS": 0.09382593848381125,
    "Destruction": 0.3224465018446681,
    "Invasion": 0.05409917122447269
  }
}