{
  "Sumari": {
    "Insurgency": 0.146943311137692,
    "Invasion": 0.04856488930503256,
    "Seed": 0.16666666666666666,
    "skirmish": 0.045642581736795605,
    "AAS": 0.0021328214816514882,
    "RAAS": 0.0018105627897509655
  },
  "Logar": {
    "Insurgency": 0.006174950527833985,
    "Seed": 0.16666666666666666,
    "skirmish": 0.045642581736795605,
    "AAS": 0.0006523686977082932,
    "RAAS": 0.0014877139061003422
  },
  "Kokan": {
    "Insurgency": 0.0956008929657893,
    "Invasion": 0.06094300182063212,
    "skirmish": 0.045642581736795605,
    "AAS": 0.016373582583685507,
    "RAAS": 0.012944874098096354
  },
  "Chora": {
    "Insurgency": 0.0956008929657893,
    "Invasion": 0.04856488930503256,
    "skirmish": 0.045642581736795605,
    "AAS": 0.02126728363893963,
    "RAAS": 0.018261339165991677
  },
  "Mestia": {
    "Invasion": 0.02044538591861558,
    "skirmish": 0.045642581736795605,
    "AAS": 0.0367998207672736,
    "RAAS": 0.006309350918963815
  },
  "FoolsRoad": {
    "Invasion": 0.04856488930503256,
    "skirmish": 0.045642581736795605,
    "AAS": 0.020875192767292862,
    "RAAS": 0.03662307343620858,
    "Destruction": 0.17076202663239362
  },
  "Narva": {
    "Invasion": 0.04387528364962834,
    "skirmish": 0.045642581736795605,
    "AAS": 0.09487999341826821,
    "RAAS": 0.09120083409222932,
    "Destruction": 0.3028485139996364,
    "TA": 0.25
  },
  "Fallujah": {
    "Insurgency": 0.11447014982869874,
    "Invasion": 0.051962322172445695,
    "Seed": 0.16666666666666666,
    "skirmish": 0.045642581736795605,
    "AAS": 0.026214384094877793,
    "RAAS": 0.06804447192317142
  },
  "Belaya": {
    "Invasion": 0.044133671086462586,
    "skirmish": 0.045642581736795605,
    "AAS": 0.083645923797378,
    "RAAS": 0.05892052767173923
  },
  "Anvil": {
    "Invasion": 0.0255308065292359,
    "skirmish": 0.045642581736795605,
    "AAS": 0.011619003005195624,
    "RAAS": 0.015146817570184296
  },
  "Mutaha": {
    "Invasion": 0.0485649164626866,
    "skirmish": 0.045642581736795605,
    "AAS": 0.08775920744676916,
    "RAAS": 0.08494454291651105
  },
  "Kamdesh": {
    "Insurgency": 0.10037695822288235,
    "Invasion": 0.04869722715890979,
    "skirmish": 0.045642581736795605,
    "AAS": 0.04873623401211496,
    "RAAS": 0.018156475505202805
  },
  "AlBasrah": {
    "Insurgency": 0.13977970585465832,
    "Invasion": 0.0453053507753152,
    "Seed": 0.16666666666666666,
    "skirmish": 0.045642581736795605,
    "AAS": 0.005587528902317813,
    "RAAS": 0.0003362119394650947,
    "TA": 0.25
  },
  "Kohat": {
    "Insurgency": 0.12345063884835829,
    "Invasion": 0.03874576102445482,
    "skirmish": 0.045642581736795605,
    "AAS": 0.05359367664057101,
    "RAAS": 0.055030675493014075
  },
  "Skorpo": {
    "Invasion": 0.0255308065292359,
    "skirmish": 0.045642581736795605,
    "AAS": 0.03911690421741791,
    "RAAS": 0.058920527671733926
  },
  "GooseBay": {
    "Invasion": 0.07779270867381308,
    "skirmish": 0.045642581736795605,
    "AAS": 0.09512074770057624,
    "RAAS": 0.09098134785136174
  },
  "Manic": {
    "Invasion": 0.05287996028577034,
    "skirmish": 0.045642581736795605,
    "AAS": 0.03453875436099367,
    "RAAS": 0.03028012173546385
  },
  "LashkarValley": {
    "Insurgency": 0.03782279379363934,
    "Invasion": 0.036439378666769724,
    "skirmish": 0.041505783527292804,
    "AAS": 0.02632779273303586,
    "RAAS": 0.012232905203024778
  },
  "Gorodok": {
    "Insurgency": 0.13977970585465832,
    "Invasion": 0.06089403102126243,
    "skirmish": 0.045642581736795605,
    "AAS": 0.08774918551600283,
    "RAAS": 0.09014999671090945,
    "Destruction": 0.17076202663239362
  },
  "BlackCoast": {
    "Invasion": 0.07779768584931995,
    "Seed": 0.16666666666666666,
    "skirmish": 0.045642581736795605,
    "AAS": 0.04873623401211496,
    "RAAS": 0.0912552747444955
  },
  "Tallil": {
    "Invasion": 0.04620214515531159,
    "Seed": 0.16666666666666666,
    "skirmish": 0.045642581736795605,
    "AAS": 0.06293371366323625,
    "RAAS": 0.06701030857758572,
    "TA": 0.25,
    "tanks": 1
  },
  "Yehorivka": {
    "Invasion": 0.04856488930503256,
    "skirmish": 0.045642581736795605,
    "AAS": 0.09533964654257841,
    "RAAS": 0.08995204607879606,
    "Destruction": 0.3556274327355764,
    "TA": 0.25
  }
}