{
  "Sumari": {
    "Insurgency": 0.1320734396173679,
    "Invasion": 0.050299912866974314,
    "Seed": 0.16666666666666666,
    "AAS": 0.005002532943742227,
    "RAAS": 0.0045735918999342305
  },
  "Logar": {
    "Seed": 0.16666666666666666,
    "Insurgency": 0.013454703893559166,
    "RAAS": 0.006503821412282877,
    "AAS": 0.001815094955680888
  },
  "Kokan": {
    "Invasion": 0.06042920062319479,
    "Insurgency": 0.09288524651168588,
    "RAAS": 0.01969981742149329,
    "AAS": 0.021176563681396806
  },
  "Chora": {
    "RAAS": 0.023278637121219574,
    "Invasion": 0.050299912866974314,
    "Insurgency": 0.09288524651168588,
    "AAS": 0.026442431069812377
  },
  "Mestia": {
    "AAS": 0.05086705928541324,
    "Invasion": 0.02705323300907926,
    "RAAS": 0.011184759192822476
  },
  "FoolsRoad": {
    "RAAS": 0.044899468611647855,
    "Invasion": 0.050299912866974314,
    "Destruction": 0.1908401559936376,
    "AAS": 0.023715268261828473
  },
  "Narva": {
    "RAAS": 0.08741071377705095,
    "AAS": 0.08485927737250641,
    "Invasion": 0.04656788638765522,
    "Destruction": 0.28944552230804815
  },
  "Fallujah": {
    "RAAS": 0.0639702034764825,
    "Invasion": 0.05162002146947721,
    "Insurgency": 0.10671446956168841,
    "Seed": 0.16666666666666666,
    "AAS": 0.030865119203161373
  },
  "Belaya": {
    "RAAS": 0.05483475423548757,
    "AAS": 0.0747996183247529,
    "Invasion": 0.04677323430044413
  },
  "Anvil": {
    "RAAS": 0.02101438092472913,
    "Invasion": 0.03157638590523448,
    "AAS": 0.016689241208598583
  },
  "Mutaha": {
    "RAAS": 0.07860049531398816,
    "AAS": 0.07273251211526319,
    "Invasion": 0.050299912866974314
  },
  "Kamdesh": {
    "RAAS": 0.02337130487955678,
    "Invasion": 0.05040555882571301,
    "AAS": 0.04916689361496654,
    "Insurgency": 0.09636681142529879
  },
  "AlBasrah": {
    "Insurgency": 0.12617136179678504,
    "AAS": 0.011394744086575828,
    "Invasion": 0.047877982645625754,
    "Seed": 0.16666666666666666,
    "RAAS": 0.0009866157715605884
  },
  "Kohat": {
    "RAAS": 0.0520597226992273,
    "Insurgency": 0.11343875155016103,
    "AAS": 0.04916689319126987,
    "Invasion": 0.04248183533048334
  },
  "Skorpo": {
    "RAAS": 0.05158432750546177,
    "Invasion": 0.03157638590523448,
    "AAS": 0.038932224706633364
  },
  "GooseBay": {
    "RAAS": 0.08865468778369066,
    "Invasion": 0.07651399667043636,
    "AAS": 0.08611594690146822
  },
  "Lashkar": {
    "AAS": 0.049165367887203715,
    "Insurgency": 0.0998386073349828,
    "Invasion": 0.050299911881993904,
    "RAAS": 0.04151993725676977
  },
  "Gorodok": {
    "RAAS": 0.08660468223084429,
    "AAS": 0.07674614148345749,
    "Insurgency": 0.12617136179678504,
    "Invasion": 0.06038758484989487,
    "Destruction": 0.1908401559936376
  },
  "BlackCoast": {
    "RAAS": 0.08977548261022791,
    "Invasion": 0.07651961511087806,
    "AAS": 0.09040272973736581,
    "Seed": 0.16666666666666666
  },
  "Tallil": {
    "RAAS": 0.06384250975505154,
    "Invasion": 0.04841760274978343,
    "Seed": 0.16666666666666666,
    "AAS": 0.05422024087710926
  },
  "Yehorivka": {
    "RAAS": 0.08563008612047059,
    "AAS": 0.08572409909179339,
    "Destruction": 0.32887416570467654,
    "Invasion": 0.050299912866974314
  }
}