{
  "Sumari": {
    "Insurgency": 0.13927129085938225,
    "Invasion": 0.0481756164943855,
    "Seed": 0.16666666666666666,
    "skirmish": 0.045598899157646755,
    "AAS": 0.004924265555158821,
    "RAAS": 0.004464150879478676
  },
  "Logar": {
    "Insurgency": 0.014187969850830828,
    "Seed": 0.16666666666666666,
    "skirmish": 0.045598899157646755,
    "AAS": 0.0017866967934279505,
    "RAAS": 0.006348192124013594
  },
  "Kokan": {
    "Insurgency": 0.09794738609785766,
    "Invasion": 0.05787711803764863,
    "skirmish": 0.045598899157646755,
    "AAS": 0.020845244656184498,
    "RAAS": 0.019228422472279013
  },
  "Chora": {
    "Insurgency": 0.09794738609785766,
    "Invasion": 0.0481756164943855,
    "skirmish": 0.045598899157646755,
    "AAS": 0.02602872464330702,
    "RAAS": 0.022721604955451252
  },
  "Mestia": {
    "Invasion": 0.02591070449416965,
    "skirmish": 0.045598899157646755,
    "AAS": 0.050071216071593566,
    "RAAS": 0.01091712021531997
  },
  "FoolsRoad": {
    "Invasion": 0.0481756164943855,
    "skirmish": 0.045598899157646755,
    "AAS": 0.023344229802455582,
    "RAAS": 0.043825073744269874,
    "Destruction": 0.1908401559936376
  },
  "Narva": {
    "Invasion": 0.04460120321677094,
    "skirmish": 0.045598899157646755,
    "AAS": 0.08353160714789964,
    "RAAS": 0.08531907160087725,
    "Destruction": 0.28944552230804815,
    "TA": 0.25
  },
  "Fallujah": {
    "Insurgency": 0.11253028597035332,
    "Invasion": 0.049439973471172134,
    "Seed": 0.16666666666666666,
    "skirmish": 0.045598899157646755,
    "AAS": 0.03038221738012213,
    "RAAS": 0.06243946691310081
  },
  "Belaya": {
    "Invasion": 0.044797878752185966,
    "skirmish": 0.045598899157646755,
    "AAS": 0.07362933701743293,
    "RAAS": 0.05352261891793824
  },
  "Anvil": {
    "Invasion": 0.030242832858823628,
    "skirmish": 0.045598899157646755,
    "AAS": 0.016428128819829697,
    "RAAS": 0.020511529917695216
  },
  "Mutaha": {
    "Invasion": 0.0481756164943855,
    "skirmish": 0.045598899157646755,
    "AAS": 0.07159457182533595,
    "RAAS": 0.07671967196908094
  },
  "Kamdesh": {
    "Insurgency": 0.10161869231305404,
    "Invasion": 0.048276800749034954,
    "skirmish": 0.045598899157646755,
    "AAS": 0.048397650431307886,
    "RAAS": 0.022812055276321883
  },
  "AlBasrah": {
    "Insurgency": 0.13304755655514588,
    "Invasion": 0.04585597069642114,
    "Seed": 0.16666666666666666,
    "skirmish": 0.045598899157646755,
    "AAS": 0.011216467027081773,
    "RAAS": 0.0009630071420196171,
    "TA": 0.25
  },
  "Kohat": {
    "Insurgency": 0.11962103362824897,
    "Invasion": 0.040687716741607746,
    "skirmish": 0.045598899157646755,
    "AAS": 0.048397650014240186,
    "RAAS": 0.05081399083213209
  },
  "Skorpo": {
    "Invasion": 0.030242832858823628,
    "skirmish": 0.045598899157646755,
    "AAS": 0.038323108566110535,
    "RAAS": 0.0503499713221319
  },
  "GooseBay": {
    "Invasion": 0.07328261124022423,
    "skirmish": 0.045598899157646755,
    "AAS": 0.08476861538858003,
    "RAAS": 0.08653327867865986
  },
  "Manic": {
    "Invasion": 0.051493460267892685,
    "skirmish": 0.045598899157646755,
    "AAS": 0.03506345323069797,
    "RAAS": 0.047105786184403975
  },
  "LashkarValley": {
    "Insurgency": 0.050780842072123286,
    "Invasion": 0.03891476069948273,
    "skirmish": 0.04242311768941758,
    "AAS": 0.02897824719984758,
    "RAAS": 0.017349524067588936
  },
  "Gorodok": {
    "Insurgency": 0.13304755655514588,
    "Invasion": 0.057837259806881584,
    "skirmish": 0.045598899157646755,
    "AAS": 0.0755454057471188,
    "RAAS": 0.08453232750245043,
    "Destruction": 0.1908401559936376
  },
  "BlackCoast": {
    "Invasion": 0.0732879923992877,
    "Seed": 0.16666666666666666,
    "skirmish": 0.045598899157646755,
    "AAS": 0.08898832914132256,
    "RAAS": 0.08762725411854844
  },
  "Tallil": {
    "Invasion": 0.04637280123764518,
    "Seed": 0.16666666666666666,
    "skirmish": 0.045598899157646755,
    "AAS": 0.05337193528681363,
    "RAAS": 0.06231482876188357,
    "TA": 0.25,
    "tanks": 1
  },
  "Yehorivka": {
    "Invasion": 0.0481756164943855,
    "skirmish": 0.045598899157646755,
    "AAS": 0.08438289825413119,
    "RAAS": 0.08358105240435436,
    "Destruction": 0.32887416570467654,
    "TA": 0.25
  }
}