{
  "Sumari": {
    "Insurgency": 0.13927129085938225,
    "Invasion": 0.04811893574187085,
    "Seed": 0.16666666666666666,
    "skirmish": 0.045598899157646755,
    "AAS": 0.00499355194063231,
    "RAAS": 0.0045712367148226666
  },
  "Logar": {
    "Insurgency": 0.014187969850830828,
    "Seed": 0.16666666666666666,
    "skirmish": 0.045598899157646755,
    "AAS": 0.002098316133309717,
    "RAAS": 0.003962612049681731
  },
  "Kokan": {
    "Insurgency": 0.09794738609785766,
    "Invasion": 0.057809023037678355,
    "skirmish": 0.045598899157646755,
    "AAS": 0.021138545584075293,
    "RAAS": 0.018477420686992527
  },
  "Chora": {
    "Insurgency": 0.09794738609785766,
    "Invasion": 0.04811893574187085,
    "skirmish": 0.045598899157646755,
    "AAS": 0.02533611481354474,
    "RAAS": 0.023452629328420634
  },
  "Mestia": {
    "Invasion": 0.025880219399514237,
    "skirmish": 0.045598899157646755,
    "AAS": 0.037198088741189766,
    "RAAS": 0.011178999566930243
  },
  "FoolsRoad": {
    "Invasion": 0.04811893574187085,
    "skirmish": 0.045598899157646755,
    "AAS": 0.02501145064655925,
    "RAAS": 0.03819537676491832,
    "Destruction": 0.1908401559936376
  },
  "Narva": {
    "Invasion": 0.044548727920234156,
    "skirmish": 0.045598899157646755,
    "AAS": 0.08557019937555037,
    "RAAS": 0.0894041213977806,
    "Destruction": 0.28944552230804815,
    "TA": 0.25
  },
  "Fallujah": {
    "Insurgency": 0.11253028597035332,
    "Invasion": 0.050724304749705344,
    "Seed": 0.16666666666666666,
    "skirmish": 0.045598899157646755,
    "AAS": 0.029297718323103426,
    "RAAS": 0.06205378628499152
  },
  "Belaya": {
    "Invasion": 0.04474517205814647,
    "skirmish": 0.045598899157646755,
    "AAS": 0.0725207301636297,
    "RAAS": 0.0548065169113893
  },
  "Anvil": {
    "Invasion": 0.030207250822736707,
    "skirmish": 0.045598899157646755,
    "AAS": 0.016659279161595156,
    "RAAS": 0.020603717888162607
  },
  "Mutaha": {
    "Invasion": 0.04811895647916327,
    "skirmish": 0.045598899157646755,
    "AAS": 0.07661858358027723,
    "RAAS": 0.07857006512168602
  },
  "Kamdesh": {
    "Insurgency": 0.10161869231305404,
    "Invasion": 0.04822000094875063,
    "skirmish": 0.045598899157646755,
    "AAS": 0.045660494249913426,
    "RAAS": 0.023359269754758927
  },
  "AlBasrah": {
    "Insurgency": 0.13304755655514588,
    "Invasion": 0.04563604318450616,
    "Seed": 0.16666666666666666,
    "skirmish": 0.045598899157646755,
    "AAS": 0.009962829553772236,
    "RAAS": 0.0013260091602861261,
    "TA": 0.25
  },
  "Kohat": {
    "Insurgency": 0.11962103362824897,
    "Invasion": 0.0406398458357256,
    "skirmish": 0.045598899157646755,
    "AAS": 0.04907862466886189,
    "RAAS": 0.051855473609302274
  },
  "Skorpo": {
    "Invasion": 0.030207250822736707,
    "skirmish": 0.045598899157646755,
    "AAS": 0.03886233002825775,
    "RAAS": 0.054806516911385224
  },
  "GooseBay": {
    "Invasion": 0.07319639099326966,
    "skirmish": 0.045598899157646755,
    "AAS": 0.08596134370432125,
    "RAAS": 0.08860903478156305
  },
  "Manic": {
    "Invasion": 0.05143287592481723,
    "skirmish": 0.045598899157646755,
    "AAS": 0.03555681003880687,
    "RAAS": 0.03335962378331816
  },
  "LashkarValley": {
    "Insurgency": 0.050780842072123286,
    "Invasion": 0.03886897575512958,
    "skirmish": 0.04242311768941758,
    "AAS": 0.029385982725753827,
    "RAAS": 0.01776570361164041
  },
  "Gorodok": {
    "Insurgency": 0.13304755655514588,
    "Invasion": 0.0577692117018901,
    "skirmish": 0.045598899157646755,
    "AAS": 0.07660798333040339,
    "RAAS": 0.08656008488533458,
    "Destruction": 0.1908401559936376
  },
  "BlackCoast": {
    "Invasion": 0.07320176582116049,
    "Seed": 0.16666666666666666,
    "skirmish": 0.045598899157646755,
    "AAS": 0.09038940821622796,
    "RAAS": 0.0897292524513827
  },
  "Tallil": {
    "Invasion": 0.04631824157735171,
    "Seed": 0.16666666666666666,
    "skirmish": 0.045598899157646755,
    "AAS": 0.055764178461019984,
    "RAAS": 0.06120068298641111,
    "TA": 0.25,
    "tanks": 1
  },
  "Yehorivka": {
    "Invasion": 0.04811893574187085,
    "skirmish": 0.045598899157646755,
    "AAS": 0.08632743655919453,
    "RAAS": 0.08615186534884119,
    "Destruction": 0.32887416570467654,
    "TA": 0.25
  }
}