{
  "Sumari": {
    "Insurgency": 0.15662234878819753,
    "Seed": 0.14285714285714285,
    "Invasion": 0.04146471585804839,
    "AAS": 0.00494421545623074,
    "RAAS": 0.0011712408720907575
  },
  "Logar": {
    "Seed": 0.14285714285714285,
    "Insurgency": 0.015955572385818503,
    "RAAS": 0.0008084501546936138,
    "AAS": 0.001335849236408464
  },
  "Kokan": {
    "Invasion": 0.04481992130346374,
    "Insurgency": 0.05099404663872867,
    "RAAS": 0.02231453986201135,
    "AAS": 0.02092969594420784
  },
  "Chora": {
    "RAAS": 0.024699439989044426,
    "Invasion": 0.031763312938677,
    "Insurgency": 0.06367789505459091,
    "AAS": 0.023056042572798162
  },
  "Mestia": {
    "AAS": 0.023438805342694522,
    "Invasion": 0.02455100997217914,
    "RAAS": 0.009953252526020752
  },
  "FoolsRoad": {
    "RAAS": 0.02058026152976559,
    "Invasion": 0.04146471585804839,
    "Destruction": 0.18711029058724327,
    "AAS": 0.0209296959442096
  },
  "Narva": {
    "RAAS": 0.08442235032562327,
    "AAS": 0.08387002264518918,
    "Invasion": 0.0414877944198442,
    "Destruction": 0.3033329169808454
  },
  "Fallujah": {
    "RAAS": 0.06090621042611655,
    "Invasion": 0.053049264065077095,
    "Insurgency": 0.14962323304116693,
    "Seed": 0.14285714285714285,
    "AAS": 0.033607179567449824
  },
  "Belaya": {
    "RAAS": 0.06323269201068342,
    "AAS": 0.07180419532483233,
    "Invasion": 0.05787655036021222
  },
  "Anvil": {
    "RAAS": 0.019758351836738297,
    "Invasion": 0.030242525415088154,
    "AAS": 0.009864396416254306
  },
  "Mutaha": {
    "RAAS": 0.08131191600233967,
    "AAS": 0.06948902776877418,
    "Invasion": 0.057871428062308924
  },
  "Kamdesh": {
    "RAAS": 0.022177884476770895,
    "Invasion": 0.040890606764857264,
    "AAS": 0.03520550739397506,
    "Insurgency": 0.11839592597762012
  },
  "AlBasrah": {
    "Insurgency": 0.1265498265272736,
    "AAS": 0.008621377869077306,
    "Invasion": 0.04817221339746912,
    "Seed": 0.14285714285714285,
    "RAAS": 0.0019613528432730087
  },
  "Kohat": {
    "RAAS": 0.047999591252925175,
    "Insurgency": 0.1265498265272736,
    "AAS": 0.04520335525659367,
    "Invasion": 0.038146905813203076
  },
  "Skorpo": {
    "RAAS": 0.05797482818679272,
    "Invasion": 0.044027800759678645,
    "AAS": 0.04859372603433997
  },
  "GooseBay": {
    "RAAS": 0.08502964879900697,
    "Invasion": 0.06640247649818867,
    "AAS": 0.08801386715855708
  },
  "Lashkar": {
    "AAS": 0.041841681956628,
    "RAAS": 0.0302468478329406,
    "Invasion": 0.04146471585804839,
    "Insurgency": 0.05710735292034289
  },
  "Gorodok": {
    "RAAS": 0.08273376199854546,
    "AAS": 0.08862479831687786,
    "Insurgency": 0.13452397213898715,
    "Invasion": 0.0637226344259739,
    "Destruction": 0.18711029058724327
  },
  "BlackCoast": {
    "RAAS": 0.08535348149478765,
    "Invasion": 0.08473821793815106,
    "AAS": 0.0891780837899629,
    "Seed": 0.14285714285714285
  },
  "Tallil": {
    "RAAS": 0.06778708848313662,
    "Invasion": 0.04817512674887909,
    "Seed": 0.14285714285714285,
    "AAS": 0.053588163436384756
  },
  "Yehorivka": {
    "RAAS": 0.0837016911283477,
    "AAS": 0.08926658653421408,
    "Destruction": 0.3224465018446681,
    "Invasion": 0.0514929367937244
  },
  "Harju": {
    "AAS": 0.04859372603433997,
    "RAAS": 0.04587511796834547,
    "Invasion": 0.04817512674887909,
    "Seed": 0.14285714285714285
  }
}