{
  "Sumari": {
    "mode": 0.04636232648666288,
    "Invasion": 0.051771396462954374,
    "Seed": 0.2,
    "skirmish": 0.047825459165873774,
    "AAS": 0.0021109878612480286,
    "RAAS": 0.0019158560859251844
  },
  "Logar": {
    "mode": 0.03316950063836244,
    "skirmish": 0.047825459165873774,
    "AAS": 0.0006456904217103259,
    "RAAS": 0.0015742319223902238,
    "Insurgency": 0.0086571565814395
  },
  "Kokan": {
    "mode": 0.041623670242438016,
    "skirmish": 0.047825459165873774,
    "AAS": 0.016205966779994297,
    "RAAS": 0.0126675033596956,
    "Insurgency": 0.13403053125683717
  },
  "Chora": {
    "mode": 0.021376276174795292,
    "Invasion": 0.051771396462954374,
    "skirmish": 0.047825459165873774,
    "AAS": 0.021049571185281404,
    "RAAS": 0.01910188311000398,
    "Insurgency": 0.13403053125683717
  },
  "Mestia": {
    "mode": 0.016224265308106126,
    "Invasion": 0.021795296877595592,
    "skirmish": 0.047825459165873774,
    "AAS": 0.048237322855007356,
    "RAAS": 0.0066762712813716344
  },
  "FoolsRoad": {
    "mode": 0.04839285881499655,
    "Invasion": 0.051771396462954374,
    "skirmish": 0.047825459165873774,
    "AAS": 0.01908423926704361,
    "RAAS": 0.022352135507294715,
    "Destruction": 0.17076202663239362
  },
  "Narva": {
    "mode": 0.06032614241666057,
    "Invasion": 0.04677215859553302,
    "skirmish": 0.047825459165873774,
    "AAS": 0.09390871017773503,
    "RAAS": 0.09577562965881174,
    "Destruction": 0.3028485139996364,
    "TA": 0.25
  },
  "Fallujah": {
    "mode": 0.05313530880785373,
    "Invasion": 0.05539314555889827,
    "Seed": 0.2,
    "skirmish": 0.047825459165873774,
    "AAS": 0.025946028343418054,
    "RAAS": 0.07396229247521946,
    "Insurgency": 0.1604848502835694
  },
  "Belaya": {
    "mode": 0.05615551950510085,
    "Invasion": 0.047047606117906066,
    "skirmish": 0.047825459165873774,
    "AAS": 0.08278964334249692,
    "RAAS": 0.0623470515161484
  },
  "Anvil": {
    "mode": 0.03316950063836244,
    "Invasion": 0.02721648346693724,
    "AAS": 0.011500059669682301,
    "RAAS": 0.016027680889336923
  },
  "Mutaha": {
    "mode": 0.06020421060579211,
    "Invasion": 0.051771425413698294,
    "skirmish": 0.047825459165873774,
    "AAS": 0.08686081944815544,
    "RAAS": 0.08916413484661496
  },
  "Kamdesh": {
    "mode": 0.030163195437614754,
    "Invasion": 0.051912471951814275,
    "skirmish": 0.047825459165873774,
    "AAS": 0.048237322855007356,
    "RAAS": 0.019102938611483745,
    "Insurgency": 0.1407264787931701
  },
  "AlBasrah": {
    "mode": 0.04410212556712338,
    "Invasion": 0.04829664620771625,
    "Seed": 0.2,
    "skirmish": 0.047825459165873774,
    "AAS": 0.005530329560461924,
    "RAAS": 0.00035576434798679856,
    "TA": 0.25
  },
  "Kohat": {
    "mode": 0.04839285881499655,
    "Invasion": 0.041303958146736076,
    "skirmish": 0.047825459165873774,
    "AAS": 0.053045040009768736,
    "RAAS": 0.05786209972557392,
    "Insurgency": 0.173075315465541
  },
  "Skorpo": {
    "mode": 0.03895011470043421,
    "Invasion": 0.02721648346693724,
    "skirmish": 0.047825459165873774,
    "AAS": 0.038716465809708195,
    "RAAS": 0.0387522601234904
  },
  "GooseBay": {
    "mode": 0.060324148607401415,
    "Invasion": 0.08292898882942044,
    "skirmish": 0.047825459165873774,
    "AAS": 0.09414699986670713,
    "RAAS": 0.09550289750657176
  },
  "Manic": {
    "mode": 0.04839285881499655,
    "Invasion": 0.05637137092405986,
    "skirmish": 0.047825459165873774,
    "AAS": 0.03418518231644433,
    "RAAS": 0.016220949590103433
  },
  "LashkarValley": {
    "mode": 0.030163195437614754,
    "Invasion": 0.037786859952907904,
    "skirmish": 0.04349081668252494,
    "AAS": 0.026058276021234474,
    "RAAS": 0.012944309920886231,
    "Insurgency": 0.053026797015309976
  },
  "Gorodok": {
    "mode": 0.06032635724989897,
    "Invasion": 0.0649145723864037,
    "skirmish": 0.047825459165873774,
    "AAS": 0.08685090011155086,
    "RAAS": 0.09539204964788157,
    "Insurgency": 0.19596833934729563,
    "Destruction": 0.17076202663239362
  },
  "BlackCoast": {
    "mode": 0.06032639087506035,
    "Invasion": 0.08293429462400002,
    "Seed": 0.2,
    "skirmish": 0.047825459165873774,
    "AAS": 0.048237322855007356,
    "RAAS": 0.09632507288029482
  },
  "Tallil": {
    "mode": 0.04839285881499655,
    "Invasion": 0.04925265162761806,
    "Seed": 0.2,
    "skirmish": 0.047825459165873774,
    "AAS": 0.062289463393570374,
    "RAAS": 0.070839775628564,
    "TA": 0.25,
    "tanks": 1
  },
  "Yehorivka": {
    "mode": 0.06032631604073126,
    "Invasion": 0.051771396462954374,
    "skirmish": 0.047825459165873774,
    "AAS": 0.09436365784876667,
    "RAAS": 0.09513721136435045,
    "Destruction": 0.3556274327355764,
    "TA": 0.25
  }
}