{
  "Sumari": {
    "Insurgency": 0.14224538554984895,
    "Invasion": 0.044390199555572676,
    "Seed": 0.16666666666666666,
    "skirmish": 0.045598899157646755,
    "AAS": 0.004976441869488238,
    "RAAS": 0.0034061810936384163
  },
  "Logar": {
    "Insurgency": 0.014490949492517797,
    "Seed": 0.16666666666666666,
    "skirmish": 0.045598899157646755,
    "AAS": 0.0020911263936713746,
    "RAAS": 0.0019021670522324397
  },
  "Kokan": {
    "Insurgency": 0.10003902177626069,
    "Invasion": 0.057321624555353994,
    "skirmish": 0.045598899157646755,
    "AAS": 0.021066115768705235,
    "RAAS": 0.021890482806765046
  },
  "Chora": {
    "Insurgency": 0.10003902177626069,
    "Invasion": 0.04771323616385921,
    "skirmish": 0.045598899157646755,
    "AAS": 0.025249302313719368,
    "RAAS": 0.0232778477705039
  },
  "Mestia": {
    "Invasion": 0.02566201852022722,
    "skirmish": 0.045598899157646755,
    "AAS": 0.035434977011604356,
    "RAAS": 0.011095687673287223
  },
  "FoolsRoad": {
    "Invasion": 0.04771323616385921,
    "skirmish": 0.045598899157646755,
    "AAS": 0.024925750586748743,
    "RAAS": 0.03791048071516655,
    "Destruction": 0.1908401559936376
  },
  "Narva": {
    "Invasion": 0.04417312941957015,
    "skirmish": 0.045598899157646755,
    "AAS": 0.08527699882080803,
    "RAAS": 0.08817505136125414,
    "Destruction": 0.28944552230804815,
    "TA": 0.25
  },
  "Fallujah": {
    "Insurgency": 0.11493333489706312,
    "Invasion": 0.05029663882745215,
    "Seed": 0.16666666666666666,
    "skirmish": 0.045598899157646755,
    "AAS": 0.029197331654289924,
    "RAAS": 0.06170535750177389
  },
  "Belaya": {
    "Invasion": 0.04436791730090435,
    "skirmish": 0.045598899157646755,
    "AAS": 0.07227224274079484,
    "RAAS": 0.054398069386140856
  },
  "Anvil": {
    "Invasion": 0.029952567947425058,
    "skirmish": 0.045598899157646755,
    "AAS": 0.013762993394319769,
    "RAAS": 0.01625116066919222
  },
  "Mutaha": {
    "Invasion": 0.04771323616385921,
    "skirmish": 0.045598899157646755,
    "AAS": 0.07634586655584515,
    "RAAS": 0.07798812187353507
  },
  "Kamdesh": {
    "Insurgency": 0.10378872758303345,
    "Invasion": 0.04781344927143233,
    "skirmish": 0.045598899157646755,
    "AAS": 0.04550404162573374,
    "RAAS": 0.02314533577730975
  },
  "AlBasrah": {
    "Insurgency": 0.1358887453535591,
    "Invasion": 0.04501486567806081,
    "Seed": 0.16666666666666666,
    "skirmish": 0.045598899157646755,
    "AAS": 0.01290919419019699,
    "RAAS": 0.0009787587078138123,
    "TA": 0.25
  },
  "Kohat": {
    "Insurgency": 0.10752791200311157,
    "Invasion": 0.040297203837272894,
    "skirmish": 0.045598899157646755,
    "AAS": 0.048898760341571895,
    "RAAS": 0.051414505066295725
  },
  "Skorpo": {
    "Invasion": 0.029952567947425058,
    "skirmish": 0.045598899157646755,
    "AAS": 0.03872917085828951,
    "RAAS": 0.06050382607155599
  },
  "GooseBay": {
    "Invasion": 0.07258458826680615,
    "skirmish": 0.045598899157646755,
    "AAS": 0.0869900453823512,
    "RAAS": 0.08794867278429004
  },
  "Manic": {
    "Invasion": 0.05099923590894991,
    "skirmish": 0.045598899157646755,
    "AAS": 0.035434977011604356,
    "RAAS": 0.03311100999529829
  },
  "LashkarValley": {
    "Insurgency": 0.051865251011339736,
    "Invasion": 0.03854126428731589,
    "skirmish": 0.04242311768941758,
    "AAS": 0.02928529362487858,
    "RAAS": 0.017633304070793766
  },
  "Gorodok": {
    "Insurgency": 0.12918165055700478,
    "Invasion": 0.057282148876243937,
    "skirmish": 0.045598899157646755,
    "AAS": 0.07809757111880533,
    "RAAS": 0.08634280260524928,
    "Destruction": 0.1908401559936376
  },
  "BlackCoast": {
    "Invasion": 0.08456991116224642,
    "Seed": 0.16666666666666666,
    "skirmish": 0.045598899157646755,
    "AAS": 0.0902078749999206,
    "RAAS": 0.08907103866044375
  },
  "Tallil": {
    "Invasion": 0.04592772398230396,
    "Seed": 0.16666666666666666,
    "skirmish": 0.045598899157646755,
    "AAS": 0.05557310623986312,
    "RAAS": 0.066005638138058,
    "TA": 0.25,
    "tanks": 1
  },
  "Yehorivka": {
    "Invasion": 0.04771323616385921,
    "skirmish": 0.045598899157646755,
    "AAS": 0.0877708174967897,
    "RAAS": 0.08584450021940167,
    "Destruction": 0.32887416570467654,
    "TA": 0.25
  }
}