{
  "Sumari": {
    "Insurgency": 0.15483677332322449,
    "TC": 0.23342550398014356,
    "Invasion": 0.05605985844837535,
    "Seed": 0.16666666666666666,
    "skirmish": 0.04545454545454544,
    "AAS": 5.512250132740355e-10,
    "RAAS": 4.6301601669761874e-10
  },
  "Logar": {
    "Insurgency": 6.426034878628257e-9,
    "TC": 5.280984631323039e-7,
    "Seed": 0.16666666666666666,
    "skirmish": 0.04545454545454544,
    "AAS": 1.8491539255420072e-13,
    "RAAS": 6.871761299752736e-8
  },
  "Kokan": {
    "Insurgency": 0.0776102876560637,
    "Invasion": 0.07530388900851652,
    "skirmish": 0.04545454545454544,
    "AAS": 0.000012140040768096158,
    "RAAS": 0.000016811238931444087
  },
  "Chora": {
    "Insurgency": 0.0776102876560637,
    "Invasion": 0.06754227493741376,
    "skirmish": 0.04545454545454544,
    "AAS": 0.00023682838447545157,
    "RAAS": 0.00007528943380064954
  },
  "Mestia": {
    "TC": 5.280984631323039e-7,
    "Invasion": 0.00018960847763647499,
    "skirmish": 0.04545454545454544,
    "AAS": 0.0866562598040339,
    "RAAS": 1.1329612910544124e-7
  },
  "FoolsRoad": {
    "Invasion": 0.05605985844837535,
    "skirmish": 0.04545454545454544,
    "AAS": 0.000020013941351817405,
    "RAAS": 0.04145835631219893,
    "Destruction": 0.30051602829381113
  },
  "Narva": {
    "TC": 0.04262160029319479,
    "Invasion": 0.037092049741704415,
    "skirmish": 0.04545454545454544,
    "AAS": 0.09838330478092165,
    "RAAS": 0.08264016448296434,
    "Destruction": 0.30051602829381113,
    "TA": 0.25
  },
  "Fallujah": {
    "Insurgency": 0.13671782917696765,
    "Invasion": 0.061258688287243485,
    "Seed": 0.16666666666666666,
    "skirmish": 0.04545454545454544,
    "AAS": 0.002883851850708693,
    "RAAS": 0.08215833745002285
  },
  "Belaya": {
    "Invasion": 0.0375813171506474,
    "skirmish": 0.04545454545454544,
    "AAS": 0.09837945076042823,
    "RAAS": 0.07872088254478096
  },
  "Anvil": {
    "Invasion": 0.0008425131263840897,
    "skirmish": 0.04545454545454544,
    "AAS": 0.00003299305680910708,
    "RAAS": 0.00010977825762398496
  },
  "Mutaha": {
    "TC": 0.01108050325389592,
    "Invasion": 0.05849504773601671,
    "skirmish": 0.04545454545454544,
    "AAS": 0.09835094061878147,
    "RAAS": 0.08263996425943504
  },
  "Kamdesh": {
    "Insurgency": 0.09661849549755393,
    "TC": 0.027850375266569655,
    "Invasion": 0.05651311136692646,
    "skirmish": 0.04545454545454544,
    "AAS": 0.07192440087014032,
    "RAAS": 0.00007539038941798474
  },
  "AlBasrah": {
    "Insurgency": 0.15418170714118162,
    "Invasion": 0.05357593084383021,
    "Seed": 0.16666666666666666,
    "skirmish": 0.04545454545454544,
    "AAS": 2.2237230690118657e-7,
    "RAAS": 7.733155015301586e-15,
    "TA": 0.25
  },
  "Kohat": {
    "Insurgency": 0.14785910399282554,
    "Invasion": 0.017305393391013876,
    "skirmish": 0.04545454545454544,
    "AAS": 0.07191145479163352,
    "RAAS": 0.07606825402538618
  },
  "Skorpo": {
    "TC": 0.02785037526656967,
    "Invasion": 0.0022477535381727706,
    "skirmish": 0.04545454545454544,
    "AAS": 0.02645950839869802,
    "RAAS": 0.08261245111605724
  },
  "GooseBay": {
    "Invasion": 0.0766796465100395,
    "skirmish": 0.04545454545454544,
    "AAS": 0.09838387917298139,
    "RAAS": 0.08264016450599553
  },
  "Manic": {
    "TC": 0.17080332773145362,
    "Invasion": 0.06754227493741376,
    "skirmish": 0.04545454545454544,
    "AAS": 0.004665942803697164,
    "RAAS": 0.06041470662647184
  },
  "LashkarValley": {
    "Insurgency": 0.0003838019889029382,
    "TC": 0.11692273776781921,
    "Invasion": 0.020623972242725816,
    "skirmish": 0.04545454545454544,
    "AAS": 0.0002434460374505931,
    "RAAS": 0.000012949491742590728
  },
  "Gorodok": {
    "Insurgency": 0.15418170714118162,
    "Invasion": 0.0753029823697157,
    "skirmish": 0.04545454545454544,
    "AAS": 0.09837944194040148,
    "RAAS": 0.08264016108476534,
    "Destruction": 0.007393585876518283
  },
  "BlackCoast": {
    "Invasion": 0.07667964659594416,
    "Seed": 0.16666666666666666,
    "skirmish": 0.04545454545454544,
    "AAS": 0.04919195463441917,
    "RAAS": 0.08264016450601655
  },
  "Tallil": {
    "TC": 0.17080332773145362,
    "Invasion": 0.04704432439352874,
    "Seed": 0.16666666666666666,
    "skirmish": 0.04545454545454544,
    "AAS": 0.09550005741812964,
    "RAAS": 0.08243582774322449,
    "TA": 0.25,
    "tanks": 1
  },
  "Yehorivka": {
    "TC": 0.19864119251197382,
    "Invasion": 0.05605985844837535,
    "skirmish": 0.04545454545454544,
    "AAS": 0.09838390777045342,
    "RAAS": 0.08264016405439836,
    "Destruction": 0.3915743575358595,
    "TA": 0.25
  }
}