{
  "Sumari": {
    "Insurgency": 0.13927129085938225,
    "Invasion": 0.050791021965955065,
    "Seed": 0.16666666666666666,
    "AAS": 0.005103201419456776,
    "RAAS": 0.004684833651789367
  },
  "Logar": {
    "Insurgency": 0.014187969850830828,
    "Seed": 0.16666666666666666,
    "AAS": 0.0018516210204805473,
    "RAAS": 0.006662011409004206
  },
  "Kokan": {
    "Insurgency": 0.09794738609785766,
    "Invasion": 0.061019208211253055,
    "AAS": 0.021602710277661603,
    "RAAS": 0.0201789686551713
  },
  "Chora": {
    "Insurgency": 0.09794738609785766,
    "Invasion": 0.050791021965955065,
    "AAS": 0.026974545352700784,
    "RAAS": 0.023844834637487194
  },
  "Mestia": {
    "Invasion": 0.027317370422651772,
    "AAS": 0.051890682593831366,
    "RAAS": 0.011456801874790952
  },
  "FoolsRoad": {
    "Invasion": 0.050791021965955065,
    "AAS": 0.02419250248175826,
    "RAAS": 0.045991541462703116,
    "Destruction": 0.1908401559936376
  },
  "Narva": {
    "Invasion": 0.04702255740837373,
    "AAS": 0.08656694310892389,
    "RAAS": 0.08953677162047306,
    "Destruction": 0.28944552230804815
  },
  "Fallujah": {
    "Insurgency": 0.11253028597035332,
    "Invasion": 0.052124019603634754,
    "Seed": 0.16666666666666666,
    "AAS": 0.03148623345425629,
    "RAAS": 0.06552612662331066
  },
  "Belaya": {
    "Invasion": 0.047229910259594526,
    "AAS": 0.07630484850423673,
    "RAAS": 0.05616847929385783
  },
  "Anvil": {
    "Invasion": 0.03188468565263166,
    "AAS": 0.017025087167475014,
    "RAAS": 0.02152550579099707
  },
  "Mutaha": {
    "Invasion": 0.050791021965955065,
    "AAS": 0.07419614488127876,
    "RAAS": 0.08051226553457456
  },
  "Kamdesh": {
    "Insurgency": 0.10161869231305404,
    "Invasion": 0.05089769941140318,
    "AAS": 0.050156303638148804,
    "RAAS": 0.02393975631878112
  },
  "AlBasrah": {
    "Insurgency": 0.13304755655514588,
    "Invasion": 0.04834544494482086,
    "Seed": 0.16666666666666666,
    "AAS": 0.011624046228361395,
    "RAAS": 0.0010106128550865334
  },
  "Kohat": {
    "Insurgency": 0.11962103362824897,
    "Invasion": 0.04289661171245001,
    "AAS": 0.05015630320592587,
    "RAAS": 0.05332595171153553
  },
  "Skorpo": {
    "Invasion": 0.03188468565263166,
    "AAS": 0.03971567736181192,
    "RAAS": 0.05283899365966306
  },
  "GooseBay": {
    "Invasion": 0.07726105005129631,
    "AAS": 0.0878489012281619,
    "RAAS": 0.09081100233798435
  },
  "LashkarValley": {
    "Insurgency": 0.050780842072123286,
    "Invasion": 0.041027403680815595,
    "AAS": 0.030031246403579043,
    "RAAS": 0.018207187971178523
  },
  "Gorodok": {
    "Insurgency": 0.13304755655514588,
    "Invasion": 0.060977186117469384,
    "AAS": 0.07829054252329015,
    "RAAS": 0.08871113527278601,
    "Destruction": 0.1908401559936376
  },
  "BlackCoast": {
    "Invasion": 0.07726672334804026,
    "Seed": 0.16666666666666666,
    "AAS": 0.09222194914190349,
    "RAAS": 0.09195905783462555
  },
  "Tallil": {
    "Invasion": 0.04889033369315781,
    "Seed": 0.16666666666666666,
    "AAS": 0.055311341937983254,
    "RAAS": 0.06539532705562501
  },
  "Yehorivka": {
    "Invasion": 0.050791021965955065,
    "AAS": 0.0874491680687741,
    "RAAS": 0.08771283442857483,
    "Destruction": 0.32887416570467654
  }
}