{
  "Sumari": {
    "Insurgency": 3.1173670865716634,
    "TC": 0.11736708657166292,
    "Invasion": 2.417367086571663,
    "Seed": 1.1373670865716627,
    "skirmish": 1.1373670865716627,
    "AAS": 3.0873670865716623,
    "RAAS": -0.7926329134283374
  },
  "Logar": {
    "Seed": 0.6024360983933323,
    "skirmish": 0.6024360983933323,
    "Insurgency": 0.772436098393332,
    "RAAS": 0.4124360983933324,
    "TC": 3.6024360983933343,
    "AAS": -0.8475639016066676
  },
  "Kokan": {
    "Invasion": 0.10243609839333231,
    "Insurgency": 1.6024360983933348,
    "skirmish": 0.6024360983933323,
    "RAAS": 0.47243609839333234,
    "AAS": 0.6024360983933323
  },
  "Chora": {
    "RAAS": 1.1159944993142243,
    "Invasion": 1.0959944993142245,
    "skirmish": 0.2459944993142245,
    "Insurgency": 0.24599449931422443,
    "AAS": 1.265994499314227
  },
  "Mestia": {
    "AAS": 1.335994499314227,
    "skirmish": 0.2459944993142245,
    "Invasion": -0.25400550068577554,
    "RAAS": 0.24599449931422443,
    "TC": -0.7540055006857755
  },
  "FoolsRoad": {
    "RAAS": -0.9940055006857753,
    "Invasion": 0.24599449931422443,
    "skirmish": 0.2459944993142245,
    "Destruction": -0.3140055006857754,
    "AAS": -0.014005500685775316
  },
  "Narva": {
    "RAAS": -0.386795283240295,
    "AAS": -0.5967952832402952,
    "Invasion": 0.05320471675970481,
    "Destruction": -0.05679528324029512,
    "skirmish": 0.05320471675970484,
    "TA": 0.05320471675970484,
    "TC": 0.153204716759705
  },
  "Fallujah": {
    "RAAS": 1.5219794139238723,
    "Insurgency": 3.2619794139238705,
    "Invasion": 2.941979413923871,
    "Seed": 1.8619794139238706,
    "skirmish": 1.8619794139238706,
    "AAS": 0.751979413923872
  },
  "Belaya": {
    "RAAS": 0.4159944993142244,
    "AAS": -0.22400550068577527,
    "Invasion": 0.24599449931422443,
    "skirmish": 0.2459944993142245
  },
  "Anvil": {
    "RAAS": -0.9640055006857753,
    "skirmish": 0.2459944993142245,
    "Invasion": 0.7559944993142245,
    "AAS": 1.6159944993142268
  },
  "Mutaha": {
    "RAAS": 5.4319794139238695,
    "AAS": 6.33197941392387,
    "TC": 1.4319794139238726,
    "Invasion": 1.491979413923874,
    "skirmish": 1.8619794139238706
  },
  "Kamdesh": {
    "RAAS": 0.4132047167597048,
    "Invasion": 0.5432047167597049,
    "AAS": -0.5467952832402951,
    "skirmish": 0.05320471675970484,
    "Insurgency": -0.44679528324029516,
    "TC": 0.9432047167597049
  },
  "AlBasrah": {
    "Insurgency": 2.212436098393333,
    "AAS": 3.1024360983933326,
    "Invasion": 0.7224360983933322,
    "Seed": 0.6024360983933323,
    "skirmish": 0.6024360983933323,
    "TA": 0.6024360983933323,
    "RAAS": -0.8975639016066677
  },
  "Kohat": {
    "RAAS": -0.5940055006857758,
    "Insurgency": 0.7459944993142245,
    "AAS": 0.24599449931422443,
    "skirmish": 0.2459944993142245,
    "Invasion": 0.24599449931422443
  },
  "Skorpo": {
    "RAAS": 1.5119794139238707,
    "skirmish": 1.8619794139238706,
    "TC": 1.7919794139238754,
    "Invasion": 1.861979413923879,
    "AAS": 3.3419794139238714
  },
  "GooseBay": {
    "RAAS": 0.24599449931422443,
    "Invasion": -0.2340055006857755,
    "AAS": 0.24599449931422443,
    "skirmish": 0.2459944993142245
  },
  "Manic": {
    "RAAS": -0.6875639016066675,
    "AAS": -0.19756390160666745,
    "Invasion": -0.8775639016066676,
    "skirmish": 0.6024360983933323,
    "TC": 0.18243609839333239
  },
  "LashkarValley": {
    "RAAS": -0.08679528324029515,
    "Invasion": 0.05320471675970481,
    "skirmish": 0.05320471675970484,
    "TC": -0.06679528324029513,
    "AAS": -0.936795283240295,
    "Insurgency": -0.9467952832402952
  },
  "Gorodok": {
    "RAAS": 2.267367086571663,
    "AAS": 3.267367086571663,
    "Insurgency": 0.197367086571663,
    "Invasion": 1.627367086571665,
    "skirmish": 1.1373670865716627,
    "Destruction": 2.227367086571664
  },
  "BlackCoast": {
    "RAAS": 1.9619794139238784,
    "Invasion": 1.861979413923879,
    "AAS": 1.4419794139238729,
    "Seed": 1.8619794139238706,
    "skirmish": 1.8619794139238706
  },
  "Tallil": {
    "RAAS": -0.006795283240295089,
    "Invasion": 0.05320471675970481,
    "Seed": 0.05320471675970484,
    "skirmish": 0.05320471675970484,
    "TA": 0.05320471675970484,
    "TC": -0.43679528324029515,
    "tanks": 0.05320471675970484,
    "AAS": -0.7167952832402951
  },
  "Yehorivka": {
    "RAAS": -0.862632913428337,
    "AAS": 3.4873670865716617,
    "TC": 3.697367086571666,
    "Destruction": 1.237367086571663,
    "Invasion": 1.137367086571663,
    "skirmish": 1.1373670865716627,
    "TA": 1.1373670865716627
  }
}