{"Sumari":{"Insurgency":1.1373670865716627,"TC":1.1373670865716627,"Invasion":1.1373670865716627,"Seed":1.1373670865716627,"skirmish":1.1373670865716627,"AAS":1.3373670865716627,"RAAS":1.3373670865716627},"Logar":{"Seed":0.6024360983933323,"skirmish":0.6024360983933323,"Insurgency":0.6024360983933323,"RAAS":0.8024360983933323,"TC":0.6024360983933323,"AAS":0.8024360983933323},"Kokan":{"Invasion":0.6024360983933323,"Insurgency":0.6024360983933323,"skirmish":0.6024360983933323,"RAAS":0.6024360983933323,"AAS":0.6024360983933323},"Chora":{"RAAS":0.2459944993142245,"Invasion":0.2459944993142245,"skirmish":0.2459944993142245,"Insurgency":0.2459944993142245,"AAS":0.2459944993142245},"Mestia":{"AAS":0.2459944993142245,"skirmish":0.2459944993142245,"Invasion":0.2459944993142245,"RAAS":0.2459944993142245,"TC":0.2459944993142245},"FoolsRoad":{"RAAS":0.2459944993142245,"Invasion":0.2459944993142245,"skirmish":0.2459944993142245,"Destruction":0.2459944993142245,"AAS":0.2459944993142245},"Narva":{"RAAS":-0.10679528324029514,"AAS":-0.10679528324029514,"Invasion":0.05320471675970484,"Destruction":0.05320471675970484,"skirmish":0.05320471675970484,"TA":0.05320471675970484,"TC":0.05320471675970484},"Fallujah":{"RAAS":2.001979413923872,"Insurgency":1.8619794139238706,"Invasion":1.8619794139238706,"Seed":1.8619794139238706,"skirmish":1.8619794139238706,"AAS":2.001979413923872},"Belaya":{"RAAS":0.2459944993142245,"AAS":0.2459944993142245,"Invasion":0.2459944993142245,"skirmish":0.2459944993142245},"Anvil":{"RAAS":0.2459944993142245,"skirmish":0.2459944993142245,"Invasion":0.2459944993142245,"AAS":0.2459944993142245},"Mutaha":{"RAAS":1.8619794139238721,"AAS":1.8619794139238721,"TC":1.8619794139238706,"Invasion":1.8619794139238706,"skirmish":1.8619794139238706},"Kamdesh":{"RAAS":0.05320471675970484,"Invasion":0.05320471675970484,"AAS":0.05320471675970484,"skirmish":0.05320471675970484,"Insurgency":0.05320471675970484,"TC":0.05320471675970484},"AlBasrah":{"Insurgency":0.6024360983933323,"AAS":0.40243609839333233,"Invasion":0.6024360983933323,"Seed":0.6024360983933323,"skirmish":0.6024360983933323,"TA":0.6024360983933323,"RAAS":0.40243609839333233},"Kohat":{"RAAS":0.10599449931422456,"Insurgency":0.2459944993142245,"AAS":0.10599449931422456,"skirmish":0.2459944993142245,"Invasion":0.2459944993142245},"Skorpo":{"RAAS":1.8619794139238721,"skirmish":1.8619794139238706,"TC":1.8619794139238706,"Invasion":1.8619794139238706,"AAS":1.8619794139238721},"GooseBay":{"RAAS":0.2459944993142245,"Invasion":0.2459944993142245,"AAS":0.2459944993142245,"skirmish":0.2459944993142245},"Manic":{"RAAS":0.6024360983933323,"AAS":0.6024360983933323,"Invasion":0.6024360983933323,"skirmish":0.6024360983933323,"TC":0.6024360983933323},"LashkarValley":{"RAAS":0.05320471675970484,"Invasion":0.05320471675970484,"skirmish":0.05320471675970484,"TC":0.05320471675970484,"AAS":0.05320471675970484,"Insurgency":0.05320471675970484},"Gorodok":{"RAAS":1.2773670865716626,"AAS":1.2773670865716626,"Insurgency":1.1373670865716627,"Invasion":1.1373670865716627,"skirmish":1.1373670865716627,"Destruction":1.1373670865716627},"BlackCoast":{"RAAS":1.861979413923872,"Invasion":1.8619794139238706,"AAS":1.861979413923872,"Seed":1.8619794139238706,"skirmish":1.8619794139238706},"Tallil":{"RAAS":-0.10679528324029514,"Invasion":0.05320471675970484,"Seed":0.05320471675970484,"skirmish":0.05320471675970484,"TA":0.05320471675970484,"TC":0.05320471675970484,"tanks":0.05320471675970484,"AAS":-0.10679528324029514},"Yehorivka":{"RAAS":1.1373670865716627,"AAS":1.1373670865716627,"TC":1.1373670865716627,"Destruction":1.1373670865716627,"Invasion":1.1373670865716627,"skirmish":1.1373670865716627,"TA":1.1373670865716627}}