{
  "Sumari": {
    "Insurgency": 1.137367086571663,
    "TC": 1.4573670865716628,
    "Invasion": 1.4373670865716628,
    "Seed": 1.1373670865716627,
    "skirmish": 1.1373670865716627,
    "AAS": 1.5873670865716627,
    "RAAS": 1.4373670865716628
  },
  "Logar": {
    "Seed": 0.6024360983933323,
    "skirmish": 0.6024360983933323,
    "Insurgency": 0.6024360983933323,
    "RAAS": 0.7424360983933324,
    "TC": 0.6024360983933323,
    "AAS": 0.5924360983933323
  },
  "Kokan": {
    "Invasion": 0.6024360983933323,
    "Insurgency": 0.6024360983933323,
    "skirmish": 0.6024360983933323,
    "RAAS": 0.49243609839333236,
    "AAS": 0.6024360983933323
  },
  "Chora": {
    "RAAS": 0.11599449931422445,
    "Invasion": 0.09599449931422449,
    "skirmish": 0.2459944993142245,
    "Insurgency": 0.24599449931422446,
    "AAS": 0.11599449931422445
  },
  "Mestia": {
    "AAS": 0.09599449931422449,
    "skirmish": 0.2459944993142245,
    "Invasion": 0.24599449931422446,
    "RAAS": 0.24599449931422446,
    "TC": 0.24599449931422446
  },
  "FoolsRoad": {
    "RAAS": 0.24599449931422446,
    "Invasion": 0.24599449931422446,
    "skirmish": 0.2459944993142245,
    "Destruction": 0.5459944993142245,
    "AAS": 0.24599449931422446
  },
  "Narva": {
    "RAAS": -0.09679528324029513,
    "AAS": -0.09679528324029513,
    "Invasion": 0.05320471675970484,
    "Destruction": -0.06679528324029516,
    "skirmish": 0.05320471675970484,
    "TA": 0.05320471675970484,
    "TC": 0.05320471675970484
  },
  "Fallujah": {
    "RAAS": 2.1319794139238706,
    "Insurgency": 2.3119794139238703,
    "Invasion": 2.0119794139238705,
    "Seed": 1.8619794139238706,
    "skirmish": 1.8619794139238706,
    "AAS": 2.1319794139238706
  },
  "Belaya": {
    "RAAS": 0.1059944993142245,
    "AAS": 0.1059944993142245,
    "Invasion": 0.24599449931422446,
    "skirmish": 0.2459944993142245
  },
  "Anvil": {
    "RAAS": 0.24599449931422446,
    "skirmish": 0.2459944993142245,
    "Invasion": 0.24599449931422446,
    "AAS": 0.11599449931422451
  },
  "Mutaha": {
    "RAAS": 2.0119794139238705,
    "AAS": 2.0119794139238705,
    "TC": 1.861979413923871,
    "Invasion": 1.861979413923871,
    "skirmish": 1.8619794139238706
  },
  "Kamdesh": {
    "RAAS": -0.08679528324029512,
    "Invasion": 0.05320471675970484,
    "AAS": -0.08679528324029512,
    "skirmish": 0.05320471675970484,
    "Insurgency": 0.05320471675970484,
    "TC": 0.05320471675970484
  },
  "AlBasrah": {
    "Insurgency": 0.7524360983933324,
    "AAS": 0.6024360983933323,
    "Invasion": 0.7224360983933323,
    "Seed": 0.6024360983933323,
    "skirmish": 0.6024360983933323,
    "TA": 0.6024360983933323,
    "RAAS": 0.6024360983933323
  },
  "Kohat": {
    "RAAS": 0.24599449931422446,
    "Insurgency": 0.24599449931422446,
    "AAS": 0.24599449931422446,
    "skirmish": 0.2459944993142245,
    "Invasion": 0.24599449931422446
  },
  "Skorpo": {
    "RAAS": 2.011979413923871,
    "skirmish": 1.8619794139238706,
    "TC": 1.861979413923871,
    "Invasion": 1.861979413923871,
    "AAS": 1.9919794139238718
  },
  "GooseBay": {
    "RAAS": 0.24599449931422446,
    "Invasion": 0.24599449931422446,
    "AAS": 0.24599449931422446,
    "skirmish": 0.2459944993142245
  },
  "Manic": {
    "RAAS": 0.6024360983933323,
    "AAS": 0.6024360983933323,
    "Invasion": 0.6024360983933323,
    "skirmish": 0.6024360983933323,
    "TC": 0.6024360983933323
  },
  "LashkarValley": {
    "RAAS": -0.08679528324029512,
    "Invasion": 0.05320471675970484,
    "skirmish": 0.05320471675970484,
    "TC": -0.09679528324029513,
    "AAS": -0.08679528324029512,
    "Insurgency": 0.05320471675970484
  },
  "Gorodok": {
    "RAAS": 1.2673670865716629,
    "AAS": 1.2673670865716629,
    "Insurgency": 1.137367086571663,
    "Invasion": 1.137367086571663,
    "skirmish": 1.1373670865716627,
    "Destruction": 1.157367086571663
  },
  "BlackCoast": {
    "RAAS": 1.8619794139238715,
    "Invasion": 1.861979413923871,
    "AAS": 1.8619794139238715,
    "Seed": 1.8619794139238706,
    "skirmish": 1.8619794139238706
  },
  "Tallil": {
    "RAAS": -0.08679528324029512,
    "Invasion": 0.05320471675970484,
    "Seed": 0.05320471675970484,
    "skirmish": 0.05320471675970484,
    "TA": 0.05320471675970484,
    "TC": 0.05320471675970484,
    "tanks": 0.05320471675970484,
    "AAS": -0.21679528324029507
  },
  "Yehorivka": {
    "RAAS": 1.137367086571663,
    "AAS": 1.137367086571663,
    "TC": 1.2873670865716629,
    "Destruction": 1.237367086571663,
    "Invasion": 1.137367086571663,
    "skirmish": 1.1373670865716627,
    "TA": 1.1373670865716627
  }
}