{
  "Sumari": {
    "Insurgency": 3.5273670865716644,
    "TC": 4.587367086571664,
    "Invasion": 2.8573670865716636,
    "Seed": 1.1373670865716627,
    "skirmish": 1.1373670865716627,
    "AAS": 5.737367086571664,
    "RAAS": 2.8873670865716683
  },
  "Logar": {
    "Seed": 0.6024360983933323,
    "skirmish": 0.6024360983933323,
    "Insurgency": 2.412436098393333,
    "RAAS": 1.4324360983933324,
    "TC": 3.4324360983933344,
    "AAS": 0.4324360983933335
  },
  "Kokan": {
    "Invasion": 0.4424360983933322,
    "Insurgency": 2.4624360983933418,
    "skirmish": 0.6024360983933323,
    "RAAS": 1.9724360983933404,
    "AAS": 1.3424360983933386
  },
  "Chora": {
    "RAAS": 2.1159944993142297,
    "Invasion": 0.12599449931422457,
    "skirmish": 0.2459944993142245,
    "Insurgency": 0.45599449931422464,
    "AAS": 3.1759944993142266
  },
  "Mestia": {
    "AAS": 1.5959944993142294,
    "skirmish": 0.2459944993142245,
    "Invasion": -0.7140055006857755,
    "RAAS": 0.8059944993142245,
    "TC": -0.2640055006857751
  },
  "FoolsRoad": {
    "RAAS": 1.5859944993142259,
    "Invasion": 0.19599449931422439,
    "skirmish": 0.2459944993142245,
    "Destruction": 3.765994499314231,
    "AAS": 1.0359944993142247
  },
  "Narva": {
    "RAAS": -0.4967952832402951,
    "AAS": 0.8532047167597048,
    "Invasion": 0.05320471675970481,
    "Destruction": -0.33679528324029495,
    "skirmish": 0.05320471675970484,
    "TA": 0.05320471675970484,
    "TC": 0.9432047167597049
  },
  "Fallujah": {
    "RAAS": 2.3419794139238785,
    "Insurgency": 2.661979413923871,
    "Invasion": 3.441979413923879,
    "Seed": 1.8619794139238706,
    "skirmish": 1.8619794139238706,
    "AAS": 2.5119794139238723
  },
  "Belaya": {
    "RAAS": -0.4140055006857759,
    "AAS": 0.2859944993142247,
    "Invasion": 0.6359944993142244,
    "skirmish": 0.2459944993142245
  },
  "Anvil": {
    "RAAS": -0.3140055006857756,
    "skirmish": 0.2459944993142245,
    "Invasion": -0.19400550068577546,
    "AAS": 1.6359944993142312
  },
  "Mutaha": {
    "RAAS": 3.1619794139238717,
    "AAS": 4.701979413923873,
    "TC": 2.4219794139238795,
    "Invasion": 2.471979413923874,
    "skirmish": 1.8619794139238706
  },
  "Kamdesh": {
    "RAAS": 0.6832047167597046,
    "Invasion": 0.4132047167597048,
    "AAS": 0.6732047167597051,
    "skirmish": 0.05320471675970484,
    "Insurgency": 0.05320471675970481,
    "TC": 1.2432047167597047
  },
  "AlBasrah": {
    "Insurgency": 2.4724360983933416,
    "AAS": 2.332436098393333,
    "Invasion": 0.722436098393334,
    "Seed": 0.6024360983933323,
    "skirmish": 0.6024360983933323,
    "TA": 0.6024360983933323,
    "RAAS": 2.052436098393338
  },
  "Kohat": {
    "RAAS": 0.4259944993142242,
    "Insurgency": -0.7540055006857755,
    "AAS": 0.08599449931422473,
    "skirmish": 0.2459944993142245,
    "Invasion": 0.35599449931422456
  },
  "Skorpo": {
    "RAAS": 2.5719794139238727,
    "skirmish": 1.8619794139238706,
    "TC": 1.6919794139238757,
    "Invasion": 2.3019794139238883,
    "AAS": 3.8319794139238805
  },
  "GooseBay": {
    "RAAS": -0.3440055006857756,
    "Invasion": -0.2340055006857755,
    "AAS": -0.2240055006857755,
    "skirmish": 0.2459944993142245
  },
  "Manic": {
    "RAAS": -0.7375639016066675,
    "AAS": 0.7524360983933325,
    "Invasion": -0.28756390160666756,
    "skirmish": 0.6024360983933323,
    "TC": 0.6624360983933324
  },
  "LashkarValley": {
    "RAAS": -0.07679528324029514,
    "Invasion": 0.05320471675970481,
    "skirmish": 0.05320471675970484,
    "TC": 0.22320471675970463,
    "AAS": -0.7067952832402948,
    "Insurgency": -0.9467952832402952
  },
  "Gorodok": {
    "RAAS": 0.8373670865716647,
    "AAS": 3.007367086571665,
    "Insurgency": 1.937367086571675,
    "Invasion": 1.627367086571673,
    "skirmish": 1.1373670865716627,
    "Destruction": 3.5773670865716642
  },
  "BlackCoast": {
    "RAAS": 2.6819794139238784,
    "Invasion": 3.361979413923879,
    "AAS": 8.901979413923875,
    "Seed": 1.8619794139238706,
    "skirmish": 1.8619794139238706
  },
  "Tallil": {
    "RAAS": -0.06679528324029513,
    "Invasion": -0.3967952832402951,
    "Seed": 0.05320471675970484,
    "skirmish": 0.05320471675970484,
    "TA": 0.05320471675970484,
    "TC": 0.5432047167597044,
    "tanks": 0.05320471675970484,
    "AAS": -0.176795283240295
  },
  "Yehorivka": {
    "RAAS": 3.8873670865716785,
    "AAS": -0.6926329134283411,
    "TC": 2.6673670865716677,
    "Destruction": 1.8373670865716687,
    "Invasion": 2.017367086571663,
    "skirmish": 1.1373670865716627,
    "TA": 1.1373670865716627
  }
}