{
  "Sumari": {
    "Insurgency": 1.1373670865716627,
    "TC": 1.1373670865716627,
    "Invasion": 1.1373670865716627,
    "Seed": 1.1373670865716627,
    "skirmish": 1.1373670865716627,
    "AAS": 1.2873670865716627,
    "RAAS": 1.2873670865716627
  },
  "Logar": {
    "Seed": 0.6024360983933323,
    "skirmish": 0.6024360983933323,
    "Insurgency": 0.6024360983933323,
    "RAAS": 0.6024360983933323,
    "TC": 0.6024360983933323,
    "AAS": 0.6024360983933323
  },
  "Kokan": {
    "Invasion": 0.6024360983933323,
    "Insurgency": 0.6024360983933323,
    "skirmish": 0.6024360983933323,
    "RAAS": 0.6024360983933323,
    "AAS": 0.6024360983933323
  },
  "Chora": {
    "RAAS": 0.11599449931422451,
    "Invasion": 0.2459944993142245,
    "skirmish": 0.2459944993142245,
    "Insurgency": 0.2459944993142245,
    "AAS": 0.11599449931422451
  },
  "Mestia": {
    "AAS": 0.24599449931422449,
    "skirmish": 0.2459944993142245,
    "Invasion": 0.2459944993142245,
    "RAAS": 0.24599449931422449,
    "TC": 0.2459944993142245
  },
  "FoolsRoad": {
    "RAAS": 0.24599449931422449,
    "Invasion": 0.2459944993142245,
    "skirmish": 0.2459944993142245,
    "Destruction": 0.2459944993142245,
    "AAS": 0.24599449931422449
  },
  "Narva": {
    "RAAS": -0.09679528324029515,
    "AAS": -0.09679528324029515,
    "Invasion": 0.05320471675970484,
    "Destruction": 0.05320471675970484,
    "skirmish": 0.05320471675970484,
    "TA": 0.05320471675970484,
    "TC": 0.05320471675970484
  },
  "Fallujah": {
    "RAAS": 2.1319794139238706,
    "Insurgency": 1.8619794139238706,
    "Invasion": 1.8619794139238706,
    "Seed": 1.8619794139238706,
    "skirmish": 1.8619794139238706,
    "AAS": 2.1319794139238706
  },
  "Belaya": {
    "RAAS": 0.24599449931422449,
    "AAS": 0.24599449931422449,
    "Invasion": 0.2459944993142245,
    "skirmish": 0.2459944993142245
  },
  "Anvil": {
    "RAAS": 0.24599449931422449,
    "skirmish": 0.2459944993142245,
    "Invasion": 0.2459944993142245,
    "AAS": 0.24599449931422449
  },
  "Mutaha": {
    "RAAS": 2.0119794139238705,
    "AAS": 2.0119794139238705,
    "TC": 1.8619794139238706,
    "Invasion": 1.8619794139238706,
    "skirmish": 1.8619794139238706
  },
  "Kamdesh": {
    "RAAS": -0.08679528324029515,
    "Invasion": 0.05320471675970484,
    "AAS": -0.08679528324029515,
    "skirmish": 0.05320471675970484,
    "Insurgency": 0.05320471675970484,
    "TC": 0.05320471675970484
  },
  "AlBasrah": {
    "Insurgency": 0.6024360983933323,
    "AAS": 0.6024360983933323,
    "Invasion": 0.6024360983933323,
    "Seed": 0.6024360983933323,
    "skirmish": 0.6024360983933323,
    "TA": 0.6024360983933323,
    "RAAS": 0.6024360983933323
  },
  "Kohat": {
    "RAAS": 0.24599449931422449,
    "Insurgency": 0.2459944993142245,
    "AAS": 0.24599449931422449,
    "skirmish": 0.2459944993142245,
    "Invasion": 0.2459944993142245
  },
  "Skorpo": {
    "RAAS": 1.8619794139238708,
    "skirmish": 1.8619794139238706,
    "TC": 1.8619794139238706,
    "Invasion": 1.8619794139238706,
    "AAS": 1.8619794139238708
  },
  "GooseBay": {
    "RAAS": 0.24599449931422449,
    "Invasion": 0.2459944993142245,
    "AAS": 0.24599449931422449,
    "skirmish": 0.2459944993142245
  },
  "Manic": {
    "RAAS": 0.6024360983933323,
    "AAS": 0.6024360983933323,
    "Invasion": 0.6024360983933323,
    "skirmish": 0.6024360983933323,
    "TC": 0.6024360983933323
  },
  "LashkarValley": {
    "RAAS": -0.08679528324029515,
    "Invasion": 0.05320471675970484,
    "skirmish": 0.05320471675970484,
    "TC": 0.05320471675970484,
    "AAS": -0.08679528324029515,
    "Insurgency": 0.05320471675970484
  },
  "Gorodok": {
    "RAAS": 1.2673670865716626,
    "AAS": 1.2673670865716626,
    "Insurgency": 1.1373670865716627,
    "Invasion": 1.1373670865716627,
    "skirmish": 1.1373670865716627,
    "Destruction": 1.1373670865716627
  },
  "BlackCoast": {
    "RAAS": 1.8619794139238708,
    "Invasion": 1.8619794139238706,
    "AAS": 1.8619794139238708,
    "Seed": 1.8619794139238706,
    "skirmish": 1.8619794139238706
  },
  "Tallil": {
    "RAAS": -0.08679528324029515,
    "Invasion": 0.05320471675970484,
    "Seed": 0.05320471675970484,
    "skirmish": 0.05320471675970484,
    "TA": 0.05320471675970484,
    "TC": 0.05320471675970484,
    "tanks": 0.05320471675970484,
    "AAS": -0.08679528324029515
  },
  "Yehorivka": {
    "RAAS": 1.1373670865716627,
    "AAS": 1.1373670865716627,
    "TC": 1.1373670865716627,
    "Destruction": 1.1373670865716627,
    "Invasion": 1.1373670865716627,
    "skirmish": 1.1373670865716627,
    "TA": 1.1373670865716627
  }
}