{
  "AAS": [
    -0.8864000000000285,
    -0.4595000000000107,
    2.5860000000000225,
    0.24810000000000057,
    1.6816000000000342,
    1.2580000000000293
  ],
  "RAAS": [
    0.06359999999996613,
    -1.5095000000000103,
    5.686000000000021,
    0.5981000000000001,
    5.381600000000034,
    3.2580000000000204
  ],
  "Invasion": [
    -1.137900000000021,
    -1.1159999999999992,
    16.359999999999964,
    2.3924000000000056,
    0.5499000000000076,
    21.219999999999985
  ],
  "TC": [
    0,
    0,
    -3.714999999999976,
    0,
    6.058999999999989,
    8.23
  ],
  "Insurgency": [
    10.200000000000006,
    9.800000000000022,
    -14.679999999999971,
    1.749999999999981,
    9.207,
    96.8
  ],
  "Destruction": [
    15.59999999999993,
    11.049999999999999,
    -10.014999999999997,
    3.900000000000042,
    1.8090000000000273,
    8.89999999999998
  ]
}