{
    "AAS": [
        -0.8864000000000036,
        -0.3095000000000009,
        0.7860000000000034,
        0.24810000000000057,
        0.9316000000000018,
        1.9080000000000035
      ],
    "RAAS": [
        -0.8864000000000036,
        -0.3095000000000009,
        0.7860000000000034,
        0.24810000000000057,
        0.9316000000000018,
        1.9080000000000035
      ],
    "Invasion": [-0.9379,0.184,15.61,0.1424,0.5999,20.22],
    "TC": [0,0,-3.715,0,6.059, 8.23],
    "Insurgency": [0,0,-18.93,0,9.207,101.6],
    "Destruction": [0,0,-6.315,0,6.609,14.25]
}