{
  "AAS": [
    -0.8864000000000107,
    -0.4595000000000018,
    0.5360000000000125,
    0.24810000000000057,
    1.8316000000000083,
    2.7580000000000098
  ],
  "RAAS": [
    -0.8864000000000143,
    -0.30950000000000355,
    0.486000000000019,
    0.24810000000000057,
    1.1816000000000133,
    2.708000000000011
  ],
  "Invasion": [
    -0.8379000000000083,
    2.1340000000000012,
    13.859999999999975,
    0.44239999999999957,
    0.8999000000000035,
    24.169999999999995
  ],
  "TC": [
    0,
    0,
    -3.7149999999999936,
    0,
    6.0589999999999975,
    8.23
  ],
  "Insurgency": [
    -5.799999999999995,
    3.9500000000000073,
    -16.93,
    -1.6000000000000103,
    9.207,
    100.39999999999999
  ],
  "Destruction": [
    5.800000000000001,
    0.6499999999999986,
    -8.365000000000002,
    3.9000000000000066,
    2.8090000000000046,
    14.249999999999993
  ]
}