{
  "AAS": [
    -0.886400000000025,
    -0.4595000000000089,
    0.5860000000000194,
    0.24810000000000057,
    1.681600000000028,
    2.10800000000003
  ],
  "RAAS": [
    -0.9364000000000301,
    -0.45950000000000624,
    4.336000000000023,
    0.1481000000000015,
    3.481600000000034,
    5.358000000000015
  ],
  "Invasion": [
    0.8620999999999837,
    0.4840000000000023,
    14.359999999999964,
    2.392400000000004,
    0.5499000000000052,
    22.619999999999983
  ],
  "TC": [
    0,
    0,
    -3.7149999999999794,
    0,
    6.05899999999999,
    8.23
  ],
  "Insurgency": [
    4.200000000000008,
    5.900000000000022,
    -14.679999999999975,
    -0.15000000000002567,
    9.207,
    96.8
  ],
  "Destruction": [
    15.599999999999952,
    12.249999999999996,
    -8.415,
    3.900000000000035,
    1.809000000000021,
    10.39999999999998
  ]
}