{
  "AAS": [
    -0.8864000000000214,
    -0.4595000000000071,
    0.5860000000000176,
    0.24810000000000057,
    1.381600000000025,
    2.3080000000000265
  ],
  "RAAS": [
    -0.9364000000000257,
    -0.4595000000000049,
    3.0860000000000225,
    0.14810000000000179,
    3.8816000000000264,
    4.958000000000016
  ],
  "Invasion": [
    -2.487900000000014,
    0.48400000000000143,
    12.959999999999965,
    2.392400000000002,
    -0.9000999999999921,
    21.219999999999985
  ],
  "TC": [
    0,
    0,
    -3.714999999999983,
    0,
    6.058999999999992,
    8.23
  ],
  "Insurgency": [
    -3.749999999999992,
    5.900000000000022,
    -15.729999999999984,
    -0.15000000000002567,
    9.207,
    100.39999999999999
  ],
  "Destruction": [
    15.549999999999972,
    6.249999999999998,
    -8.415,
    3.900000000000028,
    1.8090000000000148,
    14.249999999999982
  ]
}