{
  "AAS": [
    -0.8864000000000072,
    -0.45950000000000046,
    1.1860000000000062,
    0.24810000000000057,
    1.8316000000000014,
    2.3080000000000096
  ],
  "RAAS": [
    -0.8864000000000107,
    -0.30950000000000266,
    1.1860000000000133,
    0.24810000000000057,
    1.1816000000000089,
    2.7080000000000073
  ],
  "Invasion": [
    -0.9379000000000044,
    2.1340000000000012,
    15.609999999999978,
    0.44239999999999824,
    2.5999000000000025,
    22.169999999999995
  ],
  "TC": [
    0,
    0,
    -3.714999999999997,
    0,
    6.058999999999999,
    8.23
  ],
  "Insurgency": [
    -3.899999999999996,
    2,
    -16.93,
    -1.600000000000004,
    9.207,
    100.39999999999999
  ],
  "Destruction": [
    2,
    0,
    -6.315000000000001,
    0,
    2.809000000000001,
    14.249999999999996
  ]
}