{
  "AAS": [
    -0.8864000000000143,
    -0.4595000000000036,
    0.5860000000000141,
    0.24810000000000057,
    1.2316000000000153,
    1.2580000000000178
  ],
  "RAAS": [
    -0.9364000000000167,
    -0.30950000000000444,
    0.5860000000000187,
    0.24810000000000057,
    1.1816000000000177,
    2.1080000000000156
  ],
  "Invasion": [
    -2.787900000000011,
    2.234000000000001,
    18.00999999999997,
    0.44240000000000046,
    0.8999000000000066,
    24.06999999999999
  ],
  "TC": [
    0,
    0,
    -3.71499999999999,
    0,
    6.058999999999996,
    8.23
  ],
  "Insurgency": [
    -5.849999999999994,
    3.9500000000000144,
    -16.93,
    -1.6000000000000165,
    9.207,
    100.39999999999999
  ],
  "Destruction": [
    7.799999999999991,
    2.25,
    -10.315000000000001,
    3.9000000000000137,
    2.809000000000008,
    14.24999999999999
  ]
}