{
  "AAS": [
    -0.8864000000000178,
    -0.45950000000000535,
    0.5860000000000158,
    0.24810000000000057,
    1.3816000000000195,
    1.6080000000000219
  ],
  "RAAS": [
    -0.9364000000000212,
    -0.3095000000000053,
    0.5860000000000212,
    0.24810000000000057,
    1.1816000000000222,
    3.1080000000000148
  ],
  "Invasion": [
    -0.7879000000000143,
    2.234000000000001,
    14.55999999999997,
    0.44240000000000135,
    0.8999000000000101,
    21.219999999999985
  ],
  "TC": [
    0,
    0,
    -3.7149999999999865,
    0,
    6.058999999999994,
    8.23
  ],
  "Insurgency": [
    -5.749999999999995,
    3.9500000000000215,
    -16.93,
    -0.6500000000000217,
    9.207,
    100.39999999999999
  ],
  "Destruction": [
    11.399999999999988,
    6.249999999999998,
    -11.915,
    3.900000000000021,
    2.559000000000011,
    14.249999999999986
  ]
}