{
  "AAS": [
    -0.886400000000025,
    -0.4595000000000089,
    0.3360000000000205,
    0.24810000000000057,
    1.3816000000000304,
    1.9080000000000288
  ],
  "RAAS": [
    -0.9364000000000301,
    -0.45950000000000624,
    2.536000000000027,
    0.1481000000000015,
    4.881600000000027,
    6.258000000000012
  ],
  "Invasion": [
    -4.487900000000014,
    0.4840000000000023,
    11.559999999999967,
    1.4924000000000062,
    0.999900000000011,
    22.26999999999999
  ],
  "TC": [
    0,
    0,
    -3.7149999999999794,
    0,
    6.05899999999999,
    8.23
  ],
  "Insurgency": [
    -3.6999999999999895,
    9.800000000000018,
    -15.729999999999967,
    2.1499999999999737,
    9.207,
    100.95
  ],
  "Destruction": [
    17.54999999999997,
    6.249999999999998,
    -10.415,
    3.900000000000035,
    1.809000000000021,
    14.249999999999979
  ]
}