{
  "AAS": [
    -0.886400000000032,
    -0.45950000000001245,
    2.1860000000000275,
    0.24810000000000057,
    1.381600000000041,
    1.908000000000043
  ],
  "RAAS": [
    -0.936400000000039,
    -0.4595000000000098,
    5.786000000000023,
    0.1481000000000015,
    4.881600000000027,
    7.358000000000008
  ],
  "Invasion": [
    -3.0379000000000165,
    2.4840000000000053,
    7.0099999999999625,
    1.4924000000000186,
    -2.3000999999999907,
    29.419999999999987
  ],
  "TC": [
    0,
    0,
    -3.7149999999999723,
    0,
    6.058999999999987,
    8.23
  ],
  "Insurgency": [
    1.3000000000000171,
    12.75000000000001,
    -13.729999999999968,
    2.049999999999974,
    5.506999999999991,
    101.8
  ],
  "Destruction": [
    23.74999999999997,
    6.249999999999998,
    -10.415,
    5.850000000000033,
    1.8090000000000335,
    14.249999999999972
  ]
}