{
  "AAS": [
    -0.8864000000000356,
    -0.45950000000001423,
    0.18600000000002792,
    0.24810000000000057,
    1.3816000000000463,
    1.90800000000005
  ],
  "RAAS": [
    -0.9364000000000434,
    -0.7095000000000105,
    7.186000000000018,
    0.1481000000000015,
    4.881600000000027,
    5.358000000000008
  ],
  "Invasion": [
    -3.037900000000021,
    2.834000000000006,
    13.009999999999962,
    1.4924000000000248,
    -2.3000999999999916,
    27.419999999999987
  ],
  "TC": [
    0,
    0,
    -3.7149999999999688,
    0,
    6.058999999999985,
    8.23
  ],
  "Insurgency": [
    1.3000000000000225,
    12.75000000000001,
    -11.77999999999997,
    0.149999999999974,
    7.456999999999984,
    101.8
  ],
  "Destruction": [
    23.949999999999974,
    6.249999999999998,
    -12.415,
    7.750000000000026,
    2.209000000000035,
    15.849999999999948
  ]
}