{
  "Sumari": {
    "Insurgency": 4.697367086571667,
    "TC": 2.8173670865716645,
    "Invasion": 3.2773670865716698,
    "Seed": 1.1373670865716627,
    "skirmish": 1.1373670865716627,
    "AAS": 3.627367086571664,
    "RAAS": 2.2273670865716753
  },
  "Logar": {
    "Seed": 0.6024360983933323,
    "skirmish": 0.6024360983933323,
    "Insurgency": -0.35756390160665963,
    "RAAS": 0.972436098393332,
    "TC": -0.037563901606665534,
    "AAS": -0.4675639016066675
  },
  "Kokan": {
    "Invasion": -0.19756390160666745,
    "Insurgency": 1.2324360983933338,
    "skirmish": 0.6024360983933323,
    "RAAS": 2.202436098393333,
    "AAS": 0.5124360983933351
  },
  "Chora": {
    "RAAS": 0.5659944993142243,
    "Invasion": -0.414005500685775,
    "skirmish": 0.2459944993142245,
    "Insurgency": -0.01400550068577576,
    "AAS": -0.19400550068577535
  },
  "Mestia": {
    "AAS": -0.9140055006857755,
    "skirmish": 0.2459944993142245,
    "Invasion": 0.3959944993142246,
    "RAAS": -0.5240055006857758,
    "TC": -0.7440055006857755
  },
  "FoolsRoad": {
    "RAAS": 1.1659944993142244,
    "Invasion": 0.06599449931422427,
    "skirmish": 0.2459944993142245,
    "Destruction": 1.465994499314228,
    "AAS": 1.0559944993142243
  },
  "Narva": {
    "RAAS": 1.063204716759705,
    "AAS": 0.6332047167597046,
    "Invasion": -0.41679528324029513,
    "Destruction": -0.9567952832402951,
    "skirmish": 0.05320471675970484,
    "TA": 0.05320471675970484,
    "TC": 0.5632047167597047
  },
  "Fallujah": {
    "RAAS": 3.421979413923874,
    "Insurgency": 4.851979413923871,
    "Invasion": 3.3519794139238703,
    "Seed": 1.8619794139238706,
    "skirmish": 1.8619794139238706,
    "AAS": 4.961979413923869
  },
  "Belaya": {
    "RAAS": 0.6259944993142248,
    "AAS": -0.7440055006857753,
    "Invasion": 0.5159944993142247,
    "skirmish": 0.2459944993142245
  },
  "Anvil": {
    "RAAS": -0.9140055006857757,
    "skirmish": 0.2459944993142245,
    "Invasion": 0.4759944993142242,
    "AAS": 0.6159944993142246
  },
  "Mutaha": {
    "RAAS": 4.6819794139238695,
    "AAS": 4.881979413923871,
    "TC": 2.321979413923871,
    "Invasion": 3.221979413923873,
    "skirmish": 1.8619794139238706
  },
  "Kamdesh": {
    "RAAS": -0.2867952832402949,
    "Invasion": -0.3967952832402951,
    "AAS": 0.613204716759705,
    "skirmish": 0.05320471675970484,
    "Insurgency": -0.4767952832402942,
    "TC": 1.513204716759705
  },
  "AlBasrah": {
    "Insurgency": 1.3024360983933323,
    "AAS": -0.04756390160666643,
    "Invasion": 2.2224360983933353,
    "Seed": 0.6024360983933323,
    "skirmish": 0.6024360983933323,
    "TA": 0.6024360983933323,
    "RAAS": 2.9024360983933315
  },
  "Kohat": {
    "RAAS": 0.16599449931422391,
    "Insurgency": 1.025994499314231,
    "AAS": 0.07599449931422472,
    "skirmish": 0.2459944993142245,
    "Invasion": 0.7359944993142244
  },
  "Skorpo": {
    "RAAS": 6.521979413923871,
    "skirmish": 1.8619794139238706,
    "TC": 1.801979413923878,
    "Invasion": 4.98197941392387,
    "AAS": 5.011979413923873
  },
  "GooseBay": {
    "RAAS": 1.2459944993142245,
    "Invasion": -0.8940055006857752,
    "AAS": 0.24599449931422443,
    "skirmish": 0.2459944993142245
  },
  "Manic": {
    "RAAS": 1.4424360983933329,
    "AAS": 1.8824360983933457,
    "Invasion": 1.48243609839334,
    "skirmish": 0.6024360983933323,
    "TC": 0.15243609839333236
  },
  "LashkarValley": {
    "RAAS": -0.6067952832402952,
    "Invasion": 0.0432047167597048,
    "skirmish": 0.05320471675970484,
    "TC": 0.5132047167597049,
    "AAS": -0.08679528324029515,
    "Insurgency": 1.0232047167597047
  },
  "Gorodok": {
    "RAAS": 0.5173670865716631,
    "AAS": 3.3973670865716636,
    "Insurgency": 0.977367086571667,
    "Invasion": -0.5226329134283367,
    "skirmish": 1.1373670865716627,
    "Destruction": 2.2273670865716637
  },
  "BlackCoast": {
    "RAAS": 2.831979413923877,
    "Invasion": 2.811979413923872,
    "AAS": 4.091979413923875,
    "Seed": 1.8619794139238706,
    "skirmish": 1.8619794139238706
  },
  "Tallil": {
    "RAAS": 0.6132047167597046,
    "Invasion": -0.44679528324029516,
    "Seed": 0.05320471675970484,
    "skirmish": 0.05320471675970484,
    "TA": 0.05320471675970484,
    "TC": 1.033204716759705,
    "tanks": 0.05320471675970484,
    "AAS": 0.06320471675970471
  },
  "Yehorivka": {
    "RAAS": 5.827367086571668,
    "AAS": 4.227367086571665,
    "TC": 2.457367086571665,
    "Destruction": 0.24736708657166392,
    "Invasion": 1.6873670865716695,
    "skirmish": 1.1373670865716627,
    "TA": 1.1373670865716627
  }
}