{
  "Sumari": 0.12804185618622338,
  "Logar": 0,
  "Kokan": 0,
  "Chora": 0,
  "Mestia": 0,
  "FoolsRoad": 0.36645529545822136,
  "Narva": 0.10460553256254759,
  "Fallujah": 0,
  "Belaya": 0,
  "Anvil": 0,
  "Mutaha": 0,
  "Kamdesh": 0,
  "AlBasrah": 0,
  "Kohat": 0,
  "Skorpo": 0,
  "GooseBay": 0,
  "Manic": 0,
  "LashkarValley": 0,
  "Gorodok": 0.35350257256149764,
  "BlackCoast": 0,
  "Tallil": 0,
  "Yehorivka": 0.04739474323150994
}