{
  "Sumari": 0.12730443526257476,
  "Logar": 0.025048505227832963,
  "Kokan": 0.13687213080123917,
  "Chora": 0.0837061662620656,
  "Mestia": 0,
  "FoolsRoad": 0,
  "Narva": 0,
  "Fallujah": 0.14253248822231288,
  "Belaya": 0,
  "Anvil": 0,
  "Mutaha": 0,
  "Kamdesh": 0.04881327096800862,
  "AlBasrah": 0.07053741350814274,
  "Kohat": 0.13198780622123268,
  "Skorpo": 0,
  "GooseBay": 0,
  "Manic": 0,
  "LashkarValley": 0.1694447749866194,
  "Gorodok": 0.06375300853997104,
  "BlackCoast": 0,
  "Tallil": 0,
  "Yehorivka": 0
}