{
  "Sumari": 0.03540017894104325,
  "Logar": 0.04073858473307943,
  "Kokan": 0.07763463309410652,
  "Chora": 0.04297376095484484,
  "Mestia": 0.010358102464699908,
  "FoolsRoad": 0.07793646779163936,
  "Narva": 0.0776373097954528,
  "Fallujah": 0.034537855714641276,
  "Belaya": 0.047319611082592646,
  "Anvil": 0.008894298548948753,
  "Mutaha": 0.029183041970604232,
  "Kamdesh": 0.02657040654417777,
  "AlBasrah": 0.07308268454886509,
  "Kohat": 0.03475214373927275,
  "Skorpo": 0.06607636694725744,
  "GooseBay": 0.07882334530560312,
  "Manic": 0.054826161019225245,
  "LashkarValley": 0.01389965725742558,
  "Gorodok": 0.016433159711538952,
  "BlackCoast": 0.015684003049265587,
  "Tallil": 0.05160187091292797,
  "Yehorivka": 0.08563635587278756
}