{
  "Sumari": 0.06630092801180394,
  "Logar": 0.003948187999235758,
  "Kokan": 0.048651734899017765,
  "Chora": 0.02386477856343549,
  "Mestia": 0.0043320510813358365,
  "FoolsRoad": 0.0689944292218843,
  "Narva": 0.0671429207589232,
  "Fallujah": 0.0324520708414873,
  "Belaya": 0.016908080580628978,
  "Anvil": 0.05267395203929845,
  "Mutaha": 0.037293735099641706,
  "Kamdesh": 0.07489385495389644,
  "AlBasrah": 0.020682547958325623,
  "Kohat": 0.03530314760901106,
  "Skorpo": 0.06540319844103068,
  "GooseBay": 0.05296658721076982,
  "Manic": 0.06594755127999213,
  "LashkarValley": 0.03968552624061513,
  "Gorodok": 0.07028397926180595,
  "BlackCoast": 0.033482256588436905,
  "Tallil": 0.04566967500252084,
  "Yehorivka": 0.0731188063569029
}