{
  "Sumari": 0.0715164775367292,
  "Logar": 0,
  "Kokan": 0.010192744375143349,
  "Chora": 0.02783714434062832,
  "Mestia": 0.06616939084624247,
  "FoolsRoad": 0.03745309282212588,
  "Narva": 0.02513196643041641,
  "Fallujah": 0.07911674635669007,
  "Belaya": 0.06266826947580455,
  "Anvil": 0.05543120779481704,
  "Mutaha": 0.054049960873831016,
  "Kamdesh": 0.03958092985563269,
  "AlBasrah": 0.08606657012354046,
  "Kohat": 0.0833355018522965,
  "Skorpo": 0.030856395762844258,
  "GooseBay": 0.02062879387898833,
  "Manic": 0.03899423818302487,
  "LashkarValley": 0.04744588536554179,
  "Gorodok": 0.027791588663630663,
  "BlackCoast": 0.04437217676042563,
  "Tallil": 0.007863320630676202,
  "Yehorivka": 0.08349759807097033
}