{
  "Sumari": 0.14171041590183195,
  "Logar": 0.0071986403652149564,
  "Kokan": 0,
  "Chora": 0,
  "Mestia": 0.02552197379222298,
  "FoolsRoad": 0,
  "Narva": 0.16399027611218664,
  "Fallujah": 0,
  "Belaya": 0,
  "Anvil": 0,
  "Mutaha": 0.03270856380140227,
  "Kamdesh": 0.17225105902030988,
  "AlBasrah": 0,
  "Kohat": 0,
  "Skorpo": 0.05585056498229978,
  "GooseBay": 0,
  "Manic": 0.01601453537784744,
  "LashkarValley": 0.11963390602639783,
  "Gorodok": 0,
  "BlackCoast": 0,
  "Tallil": 0.1506297625270452,
  "Yehorivka": 0.11449030209324093
}