{
  "Sumari": {
    "Insurgency": 4.6273670865716685,
    "TC": 4.337367086571671,
    "Invasion": 1.9973670865716977,
    "Seed": 1.1373670865716627,
    "skirmish": 1.1373670865716627,
    "AAS": 1.2673670865716637,
    "RAAS": 2.5173670865716655
  },
  "Logar": {
    "Seed": 0.6024360983933323,
    "skirmish": 0.6024360983933323,
    "Insurgency": 2.9824360983933333,
    "RAAS": 4.442436098393333,
    "TC": 2.1724360983933346,
    "AAS": 1.3024360983933339
  },
  "Kokan": {
    "Invasion": 0.772436098393332,
    "Insurgency": 1.7524360983933363,
    "skirmish": 0.6024360983933323,
    "RAAS": 5.042436098393344,
    "AAS": 1.202436098393334
  },
  "Chora": {
    "RAAS": 0.7659944993142245,
    "Invasion": 0.5159944993142245,
    "skirmish": 0.2459944993142245,
    "Insurgency": -0.5840055006857754,
    "AAS": 2.295994499314225
  },
  "Mestia": {
    "AAS": 1.9759944993142333,
    "skirmish": 0.2459944993142245,
    "Invasion": -0.024005500685775755,
    "RAAS": 0.6259944993142246,
    "TC": 0.6459944993142244
  },
  "FoolsRoad": {
    "RAAS": 3.005994499314226,
    "Invasion": 0.22599449931422486,
    "skirmish": 0.2459944993142245,
    "Destruction": 1.4159944993142244,
    "AAS": -0.15400550068577498
  },
  "Narva": {
    "RAAS": 1.073204716759705,
    "AAS": 0.8032047167597054,
    "Invasion": 1.083204716759705,
    "Destruction": -0.01679528324029486,
    "skirmish": 0.05320471675970484,
    "TA": 0.05320471675970484,
    "TC": 0.20320471675970528
  },
  "Fallujah": {
    "RAAS": 8.071979413923874,
    "Insurgency": 8.001979413923877,
    "Invasion": 3.20197941392387,
    "Seed": 1.8619794139238706,
    "skirmish": 1.8619794139238706,
    "AAS": 7.001979413923873
  },
  "Belaya": {
    "RAAS": 3.3259944993142243,
    "AAS": 1.5459944993142276,
    "Invasion": -0.3940055006857761,
    "skirmish": 0.2459944993142245
  },
  "Anvil": {
    "RAAS": 1.675994499314225,
    "skirmish": 0.2459944993142245,
    "Invasion": -0.21400550068577548,
    "AAS": 1.7959944993142296
  },
  "Mutaha": {
    "RAAS": 6.831979413923884,
    "AAS": 7.061979413923872,
    "TC": 1.381979413923875,
    "Invasion": 2.3319794139239036,
    "skirmish": 1.8619794139238706
  },
  "Kamdesh": {
    "RAAS": 2.5732047167597045,
    "Invasion": -0.20679528324029525,
    "AAS": 0.16320471675970458,
    "skirmish": 0.05320471675970484,
    "Insurgency": -0.7167952832402951,
    "TC": 0.7432047167597047
  },
  "AlBasrah": {
    "Insurgency": 0.7324360983933325,
    "AAS": 0.5724360983933356,
    "Invasion": 2.3624360983933315,
    "Seed": 0.6024360983933323,
    "skirmish": 0.6024360983933323,
    "TA": 0.6024360983933323,
    "RAAS": 2.282436098393352
  },
  "Kohat": {
    "RAAS": -0.6540055006857679,
    "Insurgency": -0.5340055006857753,
    "AAS": -0.15400550068577543,
    "skirmish": 0.2459944993142245,
    "Invasion": -0.10400550068577538
  },
  "Skorpo": {
    "RAAS": 1.5819794139238805,
    "skirmish": 1.8619794139238706,
    "TC": 4.94197941392388,
    "Invasion": 2.6219794139238726,
    "AAS": 4.841979413923887
  },
  "GooseBay": {
    "RAAS": -0.07400550068577536,
    "Invasion": 0.9959944993142305,
    "AAS": 2.2159944993142275,
    "skirmish": 0.2459944993142245
  },
  "Manic": {
    "RAAS": 1.0724360983933323,
    "AAS": 0.1424360983933339,
    "Invasion": 1.9024360983933437,
    "skirmish": 0.6024360983933323,
    "TC": 1.522436098393332
  },
  "LashkarValley": {
    "RAAS": -0.5867952832402952,
    "Invasion": 0.35320471675970455,
    "skirmish": 0.05320471675970484,
    "TC": 0.7332047167597051,
    "AAS": 0.08320471675970495,
    "Insurgency": 0.07320471675970505
  },
  "Gorodok": {
    "RAAS": 3.6773670865716657,
    "AAS": 2.547367086571665,
    "Insurgency": -0.3026329134283372,
    "Invasion": 2.717367086571664,
    "skirmish": 1.1373670865716627,
    "Destruction": 2.667367086571664
  },
  "BlackCoast": {
    "RAAS": 8.621979413923881,
    "Invasion": 3.0419794139238787,
    "AAS": 3.3219794139238816,
    "Seed": 1.8619794139238706,
    "skirmish": 1.8619794139238706
  },
  "Tallil": {
    "RAAS": 1.1432047167597053,
    "Invasion": -0.4867952832402952,
    "Seed": 0.05320471675970484,
    "skirmish": 0.05320471675970484,
    "TA": 0.05320471675970484,
    "TC": 2.5832047167597043,
    "tanks": 0.05320471675970484,
    "AAS": 1.2332047167597049
  },
  "Yehorivka": {
    "RAAS": 4.577367086571661,
    "AAS": 6.257367086571664,
    "TC": 3.067367086571668,
    "Destruction": 3.3273670865716714,
    "Invasion": 1.7473670865716677,
    "skirmish": 1.1373670865716627,
    "TA": 1.1373670865716627
  }
}