{
  "Sumari": 0.2863560729484277,
  "Logar": 0,
  "Kokan": 0,
  "Chora": 0,
  "Mestia": 0,
  "FoolsRoad": 0.04628317808703073,
  "Narva": 0.15705961792802667,
  "Fallujah": 0,
  "Belaya": 0,
  "Anvil": 0,
  "Mutaha": 0,
  "Kamdesh": 0,
  "AlBasrah": 0,
  "Kohat": 0,
  "Skorpo": 0,
  "GooseBay": 0,
  "Manic": 0,
  "LashkarValley": 0,
  "Gorodok": 0.26983810072162867,
  "BlackCoast": 0,
  "Tallil": 0,
  "Yehorivka": 0.2404630303148863
}