{
  "Sumari": 0.008415547749522273,
  "Logar": 0.11939577765577554,
  "Kokan": 0,
  "Chora": 0,
  "Mestia": 0.1050271280034943,
  "FoolsRoad": 0,
  "Narva": 0.0811334632221783,
  "Fallujah": 0,
  "Belaya": 0,
  "Anvil": 0,
  "Mutaha": 0.09037787753081876,
  "Kamdesh": 0.10425227453522347,
  "AlBasrah": 0,
  "Kohat": 0,
  "Skorpo": 0.001317312914692395,
  "GooseBay": 0,
  "Manic": 0.043660184664609844,
  "LashkarValley": 0.07869808395424366,
  "Gorodok": 0,
  "BlackCoast": 0,
  "Tallil": 0.18611498279549618,
  "Yehorivka": 0.1816073669739454
}