{
  "Sumari": 0.05344864120482991,
  "Logar": 0.09402926546609111,
  "Kokan": 0.080739910582364,
  "Chora": 0.03932112418606965,
  "Mestia": 0.04098219376531977,
  "FoolsRoad": 0.08075694801722767,
  "Narva": 0.053907340034368936,
  "Fallujah": 0.07436470078794939,
  "Belaya": 0.09611275363981772,
  "Anvil": 0.03643939710639721,
  "Mutaha": 0.009694975506895942,
  "Kamdesh": 0.07330928297263427,
  "AlBasrah": 0.06480081947823144,
  "Kohat": 0.004652988515405448,
  "Skorpo": 0.006228348996409896,
  "GooseBay": 0.0059552518453904095,
  "Manic": 0.04096647385196808,
  "LashkarValley": 0.015883351155769478,
  "Gorodok": 0.006918377691176729,
  "BlackCoast": 0.01609208561582817,
  "Tallil": 0.046863684452983195,
  "Yehorivka": 0.058532085126871594
}