{
  "Sumari": 0.013586766203913943,
  "Logar": 0.04303399512462186,
  "Kokan": 0.03399796754310123,
  "Chora": 0.08070814313766347,
  "Mestia": 0.07952877476946314,
  "FoolsRoad": 0.02693507192289747,
  "Narva": 0.060874659321941964,
  "Fallujah": 0.053187971435535567,
  "Belaya": 0.056189952348536125,
  "Anvil": 0.06444169166258486,
  "Mutaha": 0.03842992000184989,
  "Kamdesh": 0.039181622235664154,
  "AlBasrah": 0.020979191336655264,
  "Kohat": 0.01987098079300886,
  "Skorpo": 0.05546037799853506,
  "GooseBay": 0.08045854336167885,
  "Manic": 0.020788761610132447,
  "LashkarValley": 0.036272512174314125,
  "Gorodok": 0.03339957600537017,
  "BlackCoast": 0.0048506548253318465,
  "Tallil": 0.07238660711463275,
  "Yehorivka": 0.0654362590725668
}