{
  "Sumari": 0.05664275022610058,
  "Logar": 0.1778991093472265,
  "Kokan": 0.1664703292386417,
  "Chora": 0.05029750511365039,
  "Mestia": 0,
  "FoolsRoad": 0,
  "Narva": 0,
  "Fallujah": 0.11632817167703849,
  "Belaya": 0,
  "Anvil": 0,
  "Mutaha": 0,
  "Kamdesh": 0.03706465826521405,
  "AlBasrah": 0.10242687980299196,
  "Kohat": 0.056514693902620074,
  "Skorpo": 0,
  "GooseBay": 0,
  "Manic": 0,
  "LashkarValley": 0.19009446695832222,
  "Gorodok": 0.04626143546819403,
  "BlackCoast": 0,
  "Tallil": 0,
  "Yehorivka": 0
}