{
  "Sumari": 0.046903596250660824,
  "Logar": 0,
  "Kokan": 0.06235088805872204,
  "Chora": 0.041727251783437266,
  "Mestia": 0.020353274026531514,
  "FoolsRoad": 0.044380458235174114,
  "Narva": 0.09969596514460531,
  "Fallujah": 0.07376601624146079,
  "Belaya": 0.011913774924769565,
  "Anvil": 0.027196012104491425,
  "Mutaha": 0.01867784255532217,
  "Kamdesh": 0.02633117580912993,
  "AlBasrah": 0.047142909286824235,
  "Kohat": 0.017858666973004825,
  "Skorpo": 0.024996217496026384,
  "GooseBay": 0.07467481589089328,
  "Manic": 0.08068034028707416,
  "LashkarValley": 0.0749473110200532,
  "Gorodok": 0.09210136433031542,
  "BlackCoast": 0.0503297307583638,
  "Tallil": 0.032682560499731464,
  "Yehorivka": 0.03128982832340807
}