{
  "Sumari": {
    "Insurgency": 2.6573670865716634,
    "TC": 1.097367086571663,
    "Invasion": 2.917367086571663,
    "Seed": 1.1373670865716627,
    "skirmish": 1.1373670865716627,
    "AAS": 4.437367086571664,
    "RAAS": 3.0773670865716625
  },
  "Logar": {
    "Seed": 0.6024360983933323,
    "skirmish": 0.6024360983933323,
    "Insurgency": 0.27243609839333205,
    "RAAS": -0.5875639016066676,
    "TC": 0.10243609839333431,
    "AAS": 0.4224360983933322
  },
  "Kokan": {
    "Invasion": 2.1024360983933326,
    "Insurgency": 3.0024360983933356,
    "skirmish": 0.6024360983933323,
    "RAAS": 2.972436098393332,
    "AAS": 4.752436098393334
  },
  "Chora": {
    "RAAS": 2.4459944993142244,
    "Invasion": 0.6759944993142246,
    "skirmish": 0.2459944993142245,
    "Insurgency": 0.2059944993142244,
    "AAS": 1.0159944993142271
  },
  "Mestia": {
    "AAS": 0.855994499314227,
    "skirmish": 0.2459944993142245,
    "Invasion": -0.6040055006857754,
    "RAAS": 1.2459944993142245,
    "TC": -0.7540055006857755
  },
  "FoolsRoad": {
    "RAAS": 0.005994499314224674,
    "Invasion": -0.18400550068577545,
    "skirmish": 0.2459944993142245,
    "Destruction": 0.8759944993142244,
    "AAS": -0.014005500685775316
  },
  "Narva": {
    "RAAS": -0.386795283240295,
    "AAS": -0.896795283240295,
    "Invasion": 0.05320471675970481,
    "Destruction": -0.5567952832402951,
    "skirmish": 0.05320471675970484,
    "TA": 0.05320471675970484,
    "TC": 0.653204716759705
  },
  "Fallujah": {
    "RAAS": 3.021979413923872,
    "Insurgency": 3.6319794139238697,
    "Invasion": 2.691979413923871,
    "Seed": 1.8619794139238706,
    "skirmish": 1.8619794139238706,
    "AAS": 3.5119794139238723
  },
  "Belaya": {
    "RAAS": 0.9159944993142244,
    "AAS": 0.7559944993142247,
    "Invasion": 1.1159944993142243,
    "skirmish": 0.2459944993142245
  },
  "Anvil": {
    "RAAS": -0.7940055006857751,
    "skirmish": 0.2459944993142245,
    "Invasion": -0.2440055006857755,
    "AAS": -0.384005500685773
  },
  "Mutaha": {
    "RAAS": 5.07197941392387,
    "AAS": 5.84197941392387,
    "TC": 0.9319794139238726,
    "Invasion": 2.341979413923874,
    "skirmish": 1.8619794139238706
  },
  "Kamdesh": {
    "RAAS": -0.5867952832402952,
    "Invasion": -0.14679528324029475,
    "AAS": -0.04679528324029511,
    "skirmish": 0.05320471675970484,
    "Insurgency": -0.44679528324029516,
    "TC": -0.5567952832402951
  },
  "AlBasrah": {
    "Insurgency": 0.012436098393333136,
    "AAS": -0.3875639016066674,
    "Invasion": 0.5324360983933325,
    "Seed": 0.6024360983933323,
    "skirmish": 0.6024360983933323,
    "TA": 0.6024360983933323,
    "RAAS": 0.10243609839333231
  },
  "Kohat": {
    "RAAS": 0.05599449931422426,
    "Insurgency": -0.16400550068577543,
    "AAS": 0.9959944993142242,
    "skirmish": 0.2459944993142245,
    "Invasion": 0.7459944993142245
  },
  "Skorpo": {
    "RAAS": 3.931979413923876,
    "skirmish": 1.8619794139238706,
    "TC": 1.8219794139238816,
    "Invasion": 0.9419794139238791,
    "AAS": 3.8419794139238794
  },
  "GooseBay": {
    "RAAS": 0.14599449931422434,
    "Invasion": 1.395994499314227,
    "AAS": -0.7440055006857755,
    "skirmish": 0.2459944993142245
  },
  "Manic": {
    "RAAS": 0.8124360983933325,
    "AAS": -0.9675639016066673,
    "Invasion": -0.8775639016066676,
    "skirmish": 0.6024360983933323,
    "TC": 0.6824360983933324
  },
  "LashkarValley": {
    "RAAS": -0.9967952832402951,
    "Invasion": -0.44679528324029516,
    "skirmish": 0.05320471675970484,
    "TC": -0.06679528324029513,
    "AAS": 0.553204716759705,
    "Insurgency": 0.05320471675970481
  },
  "Gorodok": {
    "RAAS": 2.4573670865716624,
    "AAS": 0.007367086571663059,
    "Insurgency": -0.802632913428337,
    "Invasion": 1.6273670865716676,
    "skirmish": 1.1373670865716627,
    "Destruction": 2.2273670865716637
  },
  "BlackCoast": {
    "RAAS": 3.811979413923881,
    "Invasion": 1.861979413923887,
    "AAS": -0.5280205860761271,
    "Seed": 1.8619794139238706,
    "skirmish": 1.8619794139238706
  },
  "Tallil": {
    "RAAS": -0.9967952832402951,
    "Invasion": -0.44679528324029516,
    "Seed": 0.05320471675970484,
    "skirmish": 0.05320471675970484,
    "TA": 0.05320471675970484,
    "TC": 0.06320471675970482,
    "tanks": 0.05320471675970484,
    "AAS": -0.9867952832402949
  },
  "Yehorivka": {
    "RAAS": 2.627367086571663,
    "AAS": 4.397367086571661,
    "TC": 4.197367086571665,
    "Destruction": 1.5473670865716629,
    "Invasion": 1.6373670865716659,
    "skirmish": 1.1373670865716627,
    "TA": 1.1373670865716627
  }
}