{
  "Sumari": 0.07671487957992232,
  "Logar": 0.03643817625735684,
  "Kokan": 0.07232046628964268,
  "Chora": 0.05330686105139129,
  "Mestia": 0.0823010507231811,
  "FoolsRoad": 0.04659280830040512,
  "Narva": 0.009825093512454077,
  "Fallujah": 0.054581380721976394,
  "Belaya": 0.06663978324500079,
  "Anvil": 0.027965775450648,
  "Mutaha": 0.07102185524584777,
  "Kamdesh": 0.045944568455933046,
  "AlBasrah": 0.012749209130888381,
  "Kohat": 0.08429852983966273,
  "Skorpo": 0.07128757011275215,
  "GooseBay": 0.011457626535968747,
  "Manic": 0.0015976397030704494,
  "LashkarValley": 0.0661989485387707,
  "Gorodok": 0.01732728881522131,
  "BlackCoast": 0.007940211036953776,
  "Tallil": 0.0005242491087467995,
  "Yehorivka": 0.08296602834420545
}