{
  "Sumari": 0.013378944297459387,
  "Logar": 0,
  "Kokan": 0,
  "Chora": 0,
  "Mestia": 0,
  "FoolsRoad": 0.23360424329935445,
  "Narva": 0.2890002352752587,
  "Fallujah": 0,
  "Belaya": 0,
  "Anvil": 0,
  "Mutaha": 0,
  "Kamdesh": 0,
  "AlBasrah": 0,
  "Kohat": 0,
  "Skorpo": 0,
  "GooseBay": 0,
  "Manic": 0,
  "LashkarValley": 0,
  "Gorodok": 0.23960911112255945,
  "BlackCoast": 0,
  "Tallil": 0,
  "Yehorivka": 0.2244074660053679
}