{
  "Sumari": 0.13448599255071303,
  "Logar": 0.03843934796939311,
  "Kokan": 0,
  "Chora": 0,
  "Mestia": 0.03127573308184569,
  "FoolsRoad": 0,
  "Narva": 0.15028524911471636,
  "Fallujah": 0,
  "Belaya": 0,
  "Anvil": 0,
  "Mutaha": 0.0764499020454146,
  "Kamdesh": 0.02462803830027795,
  "AlBasrah": 0,
  "Kohat": 0,
  "Skorpo": 0.12600598192490076,
  "GooseBay": 0,
  "Manic": 0.06133137646941156,
  "LashkarValley": 0.13142831698722093,
  "Gorodok": 0,
  "BlackCoast": 0,
  "Tallil": 0.11601729711692817,
  "Yehorivka": 0.10965276443917786
}