{
  "Sumari": 0.04565252241068222,
  "Logar": 0.004991984492333464,
  "Kokan": 0.06600047829816218,
  "Chora": 0.08058124803453912,
  "Mestia": 0.09307509391704641,
  "FoolsRoad": 0.03277683329273021,
  "Narva": 0.03386438316185928,
  "Fallujah": 0.03256935939311031,
  "Belaya": 0.07730503612807664,
  "Anvil": 0.010729752835886583,
  "Mutaha": 0.004183137473322002,
  "Kamdesh": 0.01605365187110985,
  "AlBasrah": 0.021087136968018973,
  "Kohat": 0.047317624621571616,
  "Skorpo": 0.08686244119183219,
  "GooseBay": 0.04273271332271111,
  "Manic": 0.068916426128818,
  "LashkarValley": 0.001081465219846987,
  "Gorodok": 0.07983067363092403,
  "BlackCoast": 0.08066452941964765,
  "Tallil": 0.004391567332942032,
  "Yehorivka": 0.06933194085482917
}