{
  "Sumari": 0.11100506478534242,
  "Logar": 0.11799038728665204,
  "Kokan": 0.12945810600132998,
  "Chora": 0.10374834891057426,
  "Mestia": 0,
  "FoolsRoad": 0,
  "Narva": 0,
  "Fallujah": 0.11142691127692618,
  "Belaya": 0,
  "Anvil": 0,
  "Mutaha": 0,
  "Kamdesh": 0.09296225021106437,
  "AlBasrah": 0.052310876169520966,
  "Kohat": 0.12071621642993646,
  "Skorpo": 0,
  "GooseBay": 0,
  "Manic": 0,
  "LashkarValley": 0.15935003453761523,
  "Gorodok": 0.0010318043910382576,
  "BlackCoast": 0,
  "Tallil": 0,
  "Yehorivka": 0
}