{
  "Sumari": 0.0816615019048691,
  "Logar": 0,
  "Kokan": 0.08122346363875732,
  "Chora": 0.06741649138513935,
  "Mestia": 0.020444300047823678,
  "FoolsRoad": 0.027375567979126485,
  "Narva": 0.04911426124952633,
  "Fallujah": 0.027645961609327818,
  "Belaya": 0.07119181180103279,
  "Anvil": 0.024150548075093894,
  "Mutaha": 0.06461946218704272,
  "Kamdesh": 0.043402632387269074,
  "AlBasrah": 0.052342496374347944,
  "Kohat": 0.08526989187303584,
  "Skorpo": 0.029940051697486404,
  "GooseBay": 0.0922429844349053,
  "Manic": 0.004257384487235176,
  "LashkarValley": 0.051826065375527426,
  "Gorodok": 0.0417973697737399,
  "BlackCoast": 0.01633900126318,
  "Tallil": 0.019460124219433605,
  "Yehorivka": 0.04827862823609979
}