{
  "Sumari": {
    "Insurgency": 4.967367086571663,
    "TC": 3.0373670865716633,
    "Invasion": 1.2773670865716673,
    "Seed": 1.1373670865716627,
    "skirmish": 1.1373670865716627,
    "AAS": 1.5273670865716626,
    "RAAS": 2.397367086571668
  },
  "Logar": {
    "Seed": 0.6024360983933323,
    "skirmish": 0.6024360983933323,
    "Insurgency": 1.8724360983933377,
    "RAAS": 0.4124360983933324,
    "TC": 3.152436098393336,
    "AAS": 2.502436098393332
  },
  "Kokan": {
    "Invasion": 1.5424360983933323,
    "Insurgency": 1.7224360983933402,
    "skirmish": 0.6024360983933323,
    "RAAS": 1.99243609839334,
    "AAS": -0.6975639016066675
  },
  "Chora": {
    "RAAS": 0.6659944993142244,
    "Invasion": 0.1859944993142246,
    "skirmish": 0.2459944993142245,
    "Insurgency": -0.414005500685771,
    "AAS": 0.4559944993142271
  },
  "Mestia": {
    "AAS": 2.02599449931423,
    "skirmish": 0.2459944993142245,
    "Invasion": -0.35400550068577563,
    "RAAS": -0.2340055006857755,
    "TC": 1.745994499314235
  },
  "FoolsRoad": {
    "RAAS": -0.9540055006857753,
    "Invasion": 0.6659944993142239,
    "skirmish": 0.2459944993142245,
    "Destruction": 2.1559944993142244,
    "AAS": 2.085994499314225
  },
  "Narva": {
    "RAAS": -0.386795283240295,
    "AAS": -0.366795283240295,
    "Invasion": 0.023204716759704785,
    "Destruction": 1.3932047167597048,
    "skirmish": 0.05320471675970484,
    "TA": 0.05320471675970484,
    "TC": -0.8267952832402949
  },
  "Fallujah": {
    "RAAS": 4.311979413923872,
    "Insurgency": 3.351979413923871,
    "Invasion": 3.6219794139238717,
    "Seed": 1.8619794139238706,
    "skirmish": 1.8619794139238706,
    "AAS": 6.4119794139238735
  },
  "Belaya": {
    "RAAS": 0.4159944993142244,
    "AAS": -0.934005500685775,
    "Invasion": -0.27400550068577556,
    "skirmish": 0.2459944993142245
  },
  "Anvil": {
    "RAAS": 0.5359944993142247,
    "skirmish": 0.2459944993142245,
    "Invasion": 0.6959944993142244,
    "AAS": 1.165994499314227
  },
  "Mutaha": {
    "RAAS": 9.031979413923867,
    "AAS": 5.991979413923872,
    "TC": 2.6619794139238735,
    "Invasion": 1.3619794139238781,
    "skirmish": 1.8619794139238706
  },
  "Kamdesh": {
    "RAAS": 0.4132047167597048,
    "Invasion": 0.3332047167597052,
    "AAS": 0.45320471675970486,
    "skirmish": 0.05320471675970484,
    "Insurgency": 0.4832047167597052,
    "TC": 0.4832047167597049
  },
  "AlBasrah": {
    "Insurgency": 1.832436098393342,
    "AAS": 3.0624360983933325,
    "Invasion": -0.6875639016066677,
    "Seed": 0.6024360983933323,
    "skirmish": 0.6024360983933323,
    "TA": 0.6024360983933323,
    "RAAS": 1.3824360983933321
  },
  "Kohat": {
    "RAAS": 0.6359944993142244,
    "Insurgency": -0.8840055006857757,
    "AAS": 0.7859944993142245,
    "skirmish": 0.2459944993142245,
    "Invasion": 0.2359944993142253
  },
  "Skorpo": {
    "RAAS": 2.28197941392387,
    "skirmish": 1.8619794139238706,
    "TC": 3.6019794139238757,
    "Invasion": -0.20802058607611792,
    "AAS": 2.2619794139238723
  },
  "GooseBay": {
    "RAAS": 0.24599449931422443,
    "Invasion": 0.5759944993142243,
    "AAS": 0.7459944993142245,
    "skirmish": 0.2459944993142245
  },
  "Manic": {
    "RAAS": 3.1124360983933324,
    "AAS": 3.4924360983933322,
    "Invasion": 0.13243609839333237,
    "skirmish": 0.6024360983933323,
    "TC": 2.952436098393332
  },
  "LashkarValley": {
    "RAAS": -0.43679528324029504,
    "Invasion": -0.44679528324029505,
    "skirmish": 0.05320471675970484,
    "TC": 0.0032047167597049064,
    "AAS": 0.42320471675970484,
    "Insurgency": -0.276795283240295
  },
  "Gorodok": {
    "RAAS": 0.26736708657166286,
    "AAS": 1.9573670865716772,
    "Insurgency": 0.15736708657166296,
    "Invasion": -0.422632913428332,
    "skirmish": 1.1373670865716627,
    "Destruction": 3.4573670865716677
  },
  "BlackCoast": {
    "RAAS": 5.361979413923887,
    "Invasion": 2.88197941392389,
    "AAS": 6.561979413923874,
    "Seed": 1.8619794139238706,
    "skirmish": 1.8619794139238706
  },
  "Tallil": {
    "RAAS": 0.153204716759705,
    "Invasion": -0.746795283240295,
    "Seed": 0.05320471675970484,
    "skirmish": 0.05320471675970484,
    "TA": 0.05320471675970484,
    "TC": -0.42679528324029525,
    "tanks": 0.05320471675970484,
    "AAS": -0.7067952832402951
  },
  "Yehorivka": {
    "RAAS": 0.5673670865716629,
    "AAS": 3.4873670865716617,
    "TC": 3.657367086571668,
    "Destruction": 2.2373670865716626,
    "Invasion": -0.17263291342833595,
    "skirmish": 1.1373670865716627,
    "TA": 1.1373670865716627
  }
}