{
  "Sumari": 0.09888994668286472,
  "Logar": 0.14176180901509194,
  "Kokan": 0,
  "Chora": 0,
  "Mestia": 0.13588469652714166,
  "FoolsRoad": 0,
  "Narva": 0.006347636585776778,
  "Fallujah": 0,
  "Belaya": 0,
  "Anvil": 0,
  "Mutaha": 0.1008223741346117,
  "Kamdesh": 0.10944149002110751,
  "AlBasrah": 0,
  "Kohat": 0,
  "Skorpo": 0.05402561725439545,
  "GooseBay": 0,
  "Manic": 0.15465652563166946,
  "LashkarValley": 0.08337774404656242,
  "Gorodok": 0,
  "BlackCoast": 0,
  "Tallil": 0.03496204479516897,
  "Yehorivka": 0.07983011530560945
}