{
  "Sumari": 0.016789381382976226,
  "Logar": 0.06958482621349597,
  "Kokan": 0.022079969728444736,
  "Chora": 0.028228631723344562,
  "Mestia": 0.08022938815370714,
  "FoolsRoad": 0.07954685671360724,
  "Narva": 0.014095246472209503,
  "Fallujah": 0.05139724153408833,
  "Belaya": 0.0038273752365578233,
  "Anvil": 0.047841362324565866,
  "Mutaha": 0.10360103155671145,
  "Kamdesh": 0.054562684496526834,
  "AlBasrah": 0.06100370103623821,
  "Kohat": 0.03769423371759556,
  "Skorpo": 0.007482703090781553,
  "GooseBay": 0.04456162821126042,
  "Manic": 0.08075402974028836,
  "LashkarValley": 0.05190733182726187,
  "Gorodok": 0.01951763612990172,
  "BlackCoast": 0.06100965512032873,
  "Tallil": 0.013611803456548222,
  "Yehorivka": 0.05067328213355973
}