{
  "Sumari": 0.03630603870317315,
  "Logar": 0.03229549364135511,
  "Kokan": 0.06360928825006809,
  "Chora": 0.06168237819063953,
  "Mestia": 0.026528964421192076,
  "FoolsRoad": 0.0037253758919025583,
  "Narva": 0.02302530733047471,
  "Fallujah": 0.05343915597052304,
  "Belaya": 0.050578438660777235,
  "Anvil": 0.047736339384117865,
  "Mutaha": 0.08162963578099242,
  "Kamdesh": 0.05894952449999053,
  "AlBasrah": 0.041900226396831476,
  "Kohat": 0.05707466703530986,
  "Skorpo": 0.03629845971971043,
  "GooseBay": 0.045318867130124556,
  "Manic": 0.0816477080084441,
  "LashkarValley": 0.026538754337866767,
  "Gorodok": 0.02452819424364604,
  "BlackCoast": 0.07004887525216569,
  "Tallil": 0.05631301620459565,
  "Yehorivka": 0.020825290946099178
}