{
  "Sumari": 0.13271798687414602,
  "Logar": 0,
  "Kokan": 0,
  "Chora": 0,
  "Mestia": 0,
  "FoolsRoad": 0.32445646699159836,
  "Narva": 0.4011313996610011,
  "Fallujah": 0,
  "Belaya": 0,
  "Anvil": 0,
  "Mutaha": 0,
  "Kamdesh": 0,
  "AlBasrah": 0,
  "Kohat": 0,
  "Skorpo": 0,
  "GooseBay": 0,
  "Manic": 0,
  "LashkarValley": 0,
  "Gorodok": 0.08647679384906926,
  "BlackCoast": 0,
  "Tallil": 0,
  "Yehorivka": 0.05521735262418546
}