{
  "Sumari": 0.14361180964505543,
  "Logar": 0.1383136844448309,
  "Kokan": 0.1179772974248716,
  "Chora": 0.04931481767850316,
  "Mestia": 0,
  "FoolsRoad": 0,
  "Narva": 0,
  "Fallujah": 0.07921054959248724,
  "Belaya": 0,
  "Anvil": 0,
  "Mutaha": 0,
  "Kamdesh": 0.179199119392758,
  "AlBasrah": 0.10601099774293031,
  "Kohat": 0.018473361548155404,
  "Skorpo": 0,
  "GooseBay": 0,
  "Manic": 0,
  "LashkarValley": 0.11940647952546539,
  "Gorodok": 0.048481883004942654,
  "BlackCoast": 0,
  "Tallil": 0,
  "Yehorivka": 0
}