{
  "Sumari": 0.06619878560026501,
  "Logar": 0,
  "Kokan": 0.08990648088807696,
  "Chora": 0.04461415848918707,
  "Mestia": 0.023394452131069228,
  "FoolsRoad": 0.05243595259491554,
  "Narva": 0.058676604418865526,
  "Fallujah": 0.09161710001941402,
  "Belaya": 0.020981576357113303,
  "Anvil": 0.07528593048886524,
  "Mutaha": 0.038019501187036786,
  "Kamdesh": 0.08875765623298269,
  "AlBasrah": 0.010940370828805727,
  "Kohat": 0.057141357125706366,
  "Skorpo": 0.0038261450448863242,
  "GooseBay": 0.08347855079120596,
  "Manic": 0.04118148054690863,
  "LashkarValley": 0.043117108405648356,
  "Gorodok": 0.010216495391150908,
  "BlackCoast": 0.08950039918011166,
  "Tallil": 0.010439996001343991,
  "Yehorivka": 0.00026989827644089104
}