{
  "Sumari": {
    "Insurgency": 1.7173670865716641,
    "TC": -0.602632913428337,
    "Invasion": 2.9373670865716717,
    "Seed": 1.1373670865716627,
    "skirmish": 1.1373670865716627,
    "AAS": 3.717367086571664,
    "RAAS": 2.7273670865716664
  },
  "Logar": {
    "Seed": 0.6024360983933323,
    "skirmish": 0.6024360983933323,
    "Insurgency": -0.04756390160666732,
    "RAAS": 2.5924360983933328,
    "TC": 1.5224360983933323,
    "AAS": 2.292436098393334
  },
  "Kokan": {
    "Invasion": -0.17756390160666788,
    "Insurgency": 3.8524360983933343,
    "skirmish": 0.6024360983933323,
    "RAAS": 0.7824360983933352,
    "AAS": -0.6475639016066663
  },
  "Chora": {
    "RAAS": -0.26400550068577555,
    "Invasion": 1.0359944993142245,
    "skirmish": 0.2459944993142245,
    "Insurgency": -0.25400550068577554,
    "AAS": 0.6159944993142243
  },
  "Mestia": {
    "AAS": -0.18400550068577545,
    "skirmish": 0.2459944993142245,
    "Invasion": 0.4759944993142242,
    "RAAS": 0.09599449931422452,
    "TC": -0.25400550068577554
  },
  "FoolsRoad": {
    "RAAS": 1.2459944993142242,
    "Invasion": 0.2659944993142249,
    "skirmish": 0.2459944993142245,
    "Destruction": -0.38400550068577544,
    "AAS": 0.2659944993142245
  },
  "Narva": {
    "RAAS": 0.0032047167597049064,
    "AAS": 0.6932047167597049,
    "Invasion": -0.44679528324029505,
    "Destruction": -0.626795283240295,
    "skirmish": 0.05320471675970484,
    "TA": 0.05320471675970484,
    "TC": 0.1032047167597053
  },
  "Fallujah": {
    "RAAS": 8.111979413923873,
    "Insurgency": 4.701979413923869,
    "Invasion": 3.65197941392387,
    "Seed": 1.8619794139238706,
    "skirmish": 1.8619794139238706,
    "AAS": 1.3919794139238733
  },
  "Belaya": {
    "RAAS": 0.9759944993142244,
    "AAS": 1.6059944993142268,
    "Invasion": 0.6359944993142239,
    "skirmish": 0.2459944993142245
  },
  "Anvil": {
    "RAAS": -0.4140055006857757,
    "skirmish": 0.2459944993142245,
    "Invasion": 0.24599449931422443,
    "AAS": -0.7340055006857755
  },
  "Mutaha": {
    "RAAS": 7.351979413923871,
    "AAS": 5.711979413923871,
    "TC": 1.3719794139238712,
    "Invasion": 1.861979413923887,
    "skirmish": 1.8619794139238706
  },
  "Kamdesh": {
    "RAAS": -0.21679528324029526,
    "Invasion": 0.23320471675970453,
    "AAS": -0.3367952832402954,
    "skirmish": 0.05320471675970484,
    "Insurgency": -0.7167952832402951,
    "TC": -0.7467952832402953
  },
  "AlBasrah": {
    "Insurgency": 0.47243609839333267,
    "AAS": 0.09243609839333386,
    "Invasion": 0.7224360983933322,
    "Seed": 0.6024360983933323,
    "skirmish": 0.6024360983933323,
    "TA": 0.6024360983933323,
    "RAAS": 1.7524360983933363
  },
  "Kohat": {
    "RAAS": -0.7440055006857755,
    "Insurgency": -0.5540055006857754,
    "AAS": 0.6659944993142244,
    "skirmish": 0.2459944993142245,
    "Invasion": -0.6340055006857754
  },
  "Skorpo": {
    "RAAS": 1.9619794139238784,
    "skirmish": 1.8619794139238706,
    "TC": 3.4719794139238713,
    "Invasion": 2.6219794139238726,
    "AAS": 2.571979413923872
  },
  "GooseBay": {
    "RAAS": 0.8759944993142244,
    "Invasion": -0.7540055006857755,
    "AAS": 1.4859944993142271,
    "skirmish": 0.2459944993142245
  },
  "Manic": {
    "RAAS": 1.1424360983933324,
    "AAS": -0.3075639016066676,
    "Invasion": -0.8775639016066639,
    "skirmish": 0.6024360983933323,
    "TC": -0.9375639016066677
  },
  "LashkarValley": {
    "RAAS": 0.4132047167597048,
    "Invasion": 0.5232047167597048,
    "skirmish": 0.05320471675970484,
    "TC": -0.09679528324029515,
    "AAS": 0.4932047167597049,
    "Insurgency": -0.2567952832402952
  },
  "Gorodok": {
    "RAAS": -0.5526329134283365,
    "AAS": 2.1073670865716636,
    "Insurgency": -0.012632913428336931,
    "Invasion": 2.1073670865716636,
    "skirmish": 1.1373670865716627,
    "Destruction": 1.4373670865716641
  },
  "BlackCoast": {
    "RAAS": 1.461979413923879,
    "Invasion": 2.071979413923879,
    "AAS": 2.3819794139238724,
    "Seed": 1.8619794139238706,
    "skirmish": 1.8619794139238706
  },
  "Tallil": {
    "RAAS": -0.9967952832402951,
    "Invasion": -0.0067952832402952,
    "Seed": 0.05320471675970484,
    "skirmish": 0.05320471675970484,
    "TA": 0.05320471675970484,
    "TC": -0.4067952832402951,
    "tanks": 0.05320471675970484,
    "AAS": 0.08320471675970506
  },
  "Yehorivka": {
    "RAAS": 2.3373670865716623,
    "AAS": 3.5673670865716645,
    "TC": 2.6273670865716623,
    "Destruction": 2.7073670865716633,
    "Invasion": 0.647367086571663,
    "skirmish": 1.1373670865716627,
    "TA": 1.1373670865716627
  }
}