{
  "Sumari": 0.023209556310665028,
  "Logar": 0,
  "Kokan": 0,
  "Chora": 0,
  "Mestia": 0,
  "FoolsRoad": 0.2013521100444515,
  "Narva": 0.2757749334463422,
  "Fallujah": 0,
  "Belaya": 0,
  "Anvil": 0,
  "Mutaha": 0,
  "Kamdesh": 0,
  "AlBasrah": 0,
  "Kohat": 0,
  "Skorpo": 0,
  "GooseBay": 0,
  "Manic": 0,
  "LashkarValley": 0,
  "Gorodok": 0.11829352379012756,
  "BlackCoast": 0,
  "Tallil": 0,
  "Yehorivka": 0.38136987640841374
}