{
  "Sumari": 0.04172094787301118,
  "Logar": 0,
  "Kokan": 0.009510902302902033,
  "Chora": 0.07955965412030148,
  "Mestia": 0.05937548489648216,
  "FoolsRoad": 0.05724897042191646,
  "Narva": 0.036697054211685516,
  "Fallujah": 0.03848562576032353,
  "Belaya": 0.064553347847117,
  "Anvil": 0.0837768807847759,
  "Mutaha": 0.06812663112602274,
  "Kamdesh": 0.08109213335892125,
  "AlBasrah": 0.028537510375432288,
  "Kohat": 0.0060536757877564865,
  "Skorpo": 0.020501246032952832,
  "GooseBay": 0.011657058166300168,
  "Manic": 0.0013270948040213222,
  "LashkarValley": 0.08822108258014752,
  "Gorodok": 0.08401215528838035,
  "BlackCoast": 0.03616886786028103,
  "Tallil": 0.052591259805065335,
  "Yehorivka": 0.050782416596203465
}