{
  "Sumari": 0.02367576117065659,
  "Logar": 0.16321687715889788,
  "Kokan": 0,
  "Chora": 0,
  "Mestia": 0.07963351444738756,
  "FoolsRoad": 0,
  "Narva": 0.17302932884794717,
  "Fallujah": 0,
  "Belaya": 0,
  "Anvil": 0,
  "Mutaha": 0.08773936125726413,
  "Kamdesh": 0.019882193984985343,
  "AlBasrah": 0,
  "Kohat": 0,
  "Skorpo": 0.08281575358897315,
  "GooseBay": 0,
  "Manic": 0.004186407179954381,
  "LashkarValley": 0.13321126110002154,
  "Gorodok": 0,
  "BlackCoast": 0,
  "Tallil": 0.10489250984885497,
  "Yehorivka": 0.1277170314150573
}