{
  "Sumari": 0.08080111350885899,
  "Logar": 0.07389590587641337,
  "Kokan": 0.15225978755581707,
  "Chora": 0.05488626043196773,
  "Mestia": 0,
  "FoolsRoad": 0,
  "Narva": 0,
  "Fallujah": 0.11315594164582429,
  "Belaya": 0,
  "Anvil": 0,
  "Mutaha": 0,
  "Kamdesh": 0.07696114068294113,
  "AlBasrah": 0.10437092718509919,
  "Kohat": 0.08909653931669029,
  "Skorpo": 0,
  "GooseBay": 0,
  "Manic": 0,
  "LashkarValley": 0.171577186318085,
  "Gorodok": 0.08299519747830307,
  "BlackCoast": 0,
  "Tallil": 0,
  "Yehorivka": 0
}