{
  "Sumari": 0.055023677861924546,
  "Logar": 0.08896451459479983,
  "Kokan": 0.03523948037683213,
  "Chora": 0.013828225266078319,
  "Mestia": 0.041610320434015254,
  "FoolsRoad": 0.09687931909498006,
  "Narva": 0.05557680901233616,
  "Fallujah": 0.07053237204485442,
  "Belaya": 0.06360589193774888,
  "Anvil": 0.023553742938675452,
  "Mutaha": 0.002067132070771494,
  "Kamdesh": 0.034292185385100885,
  "AlBasrah": 0.041745544708841495,
  "Kohat": 0.02123825729118345,
  "Skorpo": 0.04887876897369511,
  "GooseBay": 0.06494140165813136,
  "Manic": 0.07244998893498869,
  "LashkarValley": 0.06614297277562702,
  "Gorodok": 0.014875250636675753,
  "BlackCoast": 0.021489096189162206,
  "Tallil": 0.0032486169437066737,
  "Yehorivka": 0.06381643086987059
}