{
  "Sumari": 0.05788596277149277,
  "Logar": 0.06918476195921022,
  "Kokan": 0.006682132832220577,
  "Chora": 0.05149282680466013,
  "Mestia": 0.03146041480619614,
  "FoolsRoad": 0.04627693497694694,
  "Narva": 0.07315617021687609,
  "Fallujah": 0.023250760918451064,
  "Belaya": 0.0757824506165997,
  "Anvil": 0.010709850240436298,
  "Mutaha": 0.06693076870211051,
  "Kamdesh": 0.02726289929682648,
  "AlBasrah": 0.025869171522949274,
  "Kohat": 0.06639009970835806,
  "Skorpo": 0.03433387639590595,
  "GooseBay": 0.0678051206653939,
  "Manic": 0.016317422141348556,
  "LashkarValley": 0.059518894717273445,
  "Gorodok": 0.038127074401868084,
  "BlackCoast": 0.03241148219781984,
  "Tallil": 0.05152314373221996,
  "Yehorivka": 0.06762778037483608
}