{
  "Sumari": 0.12961389265348633,
  "Logar": 0.09503553933470787,
  "Kokan": 0.13716933809727241,
  "Chora": 0.09845371921395234,
  "Mestia": 0,
  "FoolsRoad": 0,
  "Narva": 0,
  "Fallujah": 0.08565172285953922,
  "Belaya": 0,
  "Anvil": 0,
  "Mutaha": 0,
  "Kamdesh": 0.06462326551040255,
  "AlBasrah": 0.1515390391009095,
  "Kohat": 0.14663203762410057,
  "Skorpo": 0,
  "GooseBay": 0,
  "Manic": 0,
  "LashkarValley": 0.014194447693723824,
  "Gorodok": 0.07708699791190543,
  "BlackCoast": 0,
  "Tallil": 0,
  "Yehorivka": 0
}