{
  "Sumari": 0.07244112040500805,
  "Logar": 0.002089777323257653,
  "Kokan": 0.036112319908765164,
  "Chora": 0.08093414480424706,
  "Mestia": 0.08338784364497134,
  "FoolsRoad": 0.036661802863020065,
  "Narva": 0.022376300153558116,
  "Fallujah": 0.020723023681855805,
  "Belaya": 0.028735785952994062,
  "Anvil": 0.08236882321633743,
  "Mutaha": 0.0797565776544669,
  "Kamdesh": 0.027591226911523034,
  "AlBasrah": 0.083469363787874,
  "Kohat": 0.03446210871035125,
  "Skorpo": 0.05627622427911443,
  "GooseBay": 0.04103420957105741,
  "Manic": 0.024125346790154427,
  "LashkarValley": 0.0010630004430519982,
  "Gorodok": 0.07734620838477341,
  "BlackCoast": 0.02864253109099767,
  "Tallil": 0.0035842423873734004,
  "Yehorivka": 0.07681801803524722
}