{
  "Sumari": 0.4184847241910041,
  "Logar": 0,
  "Kokan": 0,
  "Chora": 0,
  "Mestia": 0,
  "FoolsRoad": 0.09306103679439295,
  "Narva": 0.2724378599947419,
  "Fallujah": 0,
  "Belaya": 0,
  "Anvil": 0,
  "Mutaha": 0,
  "Kamdesh": 0,
  "AlBasrah": 0,
  "Kohat": 0,
  "Skorpo": 0,
  "GooseBay": 0,
  "Manic": 0,
  "LashkarValley": 0,
  "Gorodok": 0.07906782523290493,
  "BlackCoast": 0,
  "Tallil": 0,
  "Yehorivka": 0.13694855378695614
}