{
  "Sumari": 0.08376738818117513,
  "Logar": 0,
  "Kokan": 0.01810463987020033,
  "Chora": 0.07715459339614601,
  "Mestia": 0.03010508546049543,
  "FoolsRoad": 0.029068884320203575,
  "Narva": 0.03652864635140514,
  "Fallujah": 0.0876729876216158,
  "Belaya": 0.05516310615431593,
  "Anvil": 0.07012773545500889,
  "Mutaha": 0.02141617517640156,
  "Kamdesh": 0.07517268852719906,
  "AlBasrah": 0.06301816767697264,
  "Kohat": 0.02251747931133267,
  "Skorpo": 0.03254775606597374,
  "GooseBay": 0.03656676226119292,
  "Manic": 0.003493322585702377,
  "LashkarValley": 0.05587283291309287,
  "Gorodok": 0.09088211884173093,
  "BlackCoast": 0.036581322906215484,
  "Tallil": 0.05126790976104596,
  "Yehorivka": 0.02297039716257365
}