{
  "Sumari": 0.017014451289588246,
  "Logar": 0.22559226028800372,
  "Kokan": 0,
  "Chora": 0,
  "Mestia": 0.02530794891751777,
  "FoolsRoad": 0,
  "Narva": 0.13967086670791995,
  "Fallujah": 0,
  "Belaya": 0,
  "Anvil": 0,
  "Mutaha": 0.02767091773944884,
  "Kamdesh": 0.15623274438387763,
  "AlBasrah": 0,
  "Kohat": 0,
  "Skorpo": 0.04048805889482588,
  "GooseBay": 0,
  "Manic": 0.0423630382299085,
  "LashkarValley": 0.0796355597056333,
  "Gorodok": 0,
  "BlackCoast": 0,
  "Tallil": 0.06456536190611308,
  "Yehorivka": 0.18145879193716308
}