{
  "Sumari": 0.0008717036528278408,
  "Logar": 0.05979677051740278,
  "Kokan": 0.03880816484391484,
  "Chora": 0.08861370824730262,
  "Mestia": 0.06511476976341538,
  "FoolsRoad": 0.000543292329156439,
  "Narva": 0.04902189653753388,
  "Fallujah": 0.04033992668712,
  "Belaya": 0.07108359589253728,
  "Anvil": 0.005071815386739295,
  "Mutaha": 0.08884452356087048,
  "Kamdesh": 0.08990572356791388,
  "AlBasrah": 0.0038308300143060983,
  "Kohat": 0.01825246521674493,
  "Skorpo": 0.04200942917734041,
  "GooseBay": 0.06478793871226673,
  "Manic": 0.019447338285398443,
  "LashkarValley": 0.06394210947264567,
  "Gorodok": 0.06648569217347722,
  "BlackCoast": 0.04940535060530146,
  "Tallil": 0.07250737837367023,
  "Yehorivka": 0.0013155769821139199
}