{
  "Sumari": {
    "Insurgency": 2.9973670865716713,
    "TC": 3.3773670865716685,
    "Invasion": 1.327367086571663,
    "Seed": 1.1373670865716627,
    "skirmish": 1.1373670865716627,
    "AAS": 2.9673670865716657,
    "RAAS": 1.3573670865716645
  },
  "Logar": {
    "Seed": 0.6024360983933323,
    "skirmish": 0.6024360983933323,
    "Insurgency": 2.122436098393333,
    "RAAS": -0.5275639016066676,
    "TC": 0.6424360983933344,
    "AAS": 0.742436098393332
  },
  "Kokan": {
    "Invasion": 2.1024360983933326,
    "Insurgency": 2.9224360983933373,
    "skirmish": 0.6024360983933323,
    "RAAS": -0.21756390160666725,
    "AAS": 1.2124360983933336
  },
  "Chora": {
    "RAAS": 0.3259944993142283,
    "Invasion": 1.1259944993142246,
    "skirmish": 0.2459944993142245,
    "Insurgency": 0.9659944993142242,
    "AAS": 3.0159944993142265
  },
  "Mestia": {
    "AAS": -0.644005500685773,
    "skirmish": 0.2459944993142245,
    "Invasion": -0.02400550068577509,
    "RAAS": 0.5459944993142247,
    "TC": -0.4140055006857757
  },
  "FoolsRoad": {
    "RAAS": -0.4940055006857753,
    "Invasion": 1.5359944993142303,
    "skirmish": 0.2459944993142245,
    "Destruction": 1.8959944993142333,
    "AAS": -0.4540055006857753
  },
  "Narva": {
    "RAAS": 0.583204716759705,
    "AAS": -0.386795283240295,
    "Invasion": -0.13679528324029533,
    "Destruction": -0.5967952832402952,
    "skirmish": 0.05320471675970484,
    "TA": 0.05320471675970484,
    "TC": 0.16320471675970502
  },
  "Fallujah": {
    "RAAS": 3.861979413923886,
    "Insurgency": 3.1519794139238693,
    "Invasion": 1.6019794139238779,
    "Seed": 1.8619794139238706,
    "skirmish": 1.8619794139238706,
    "AAS": 5.401979413923872
  },
  "Belaya": {
    "RAAS": -0.6540055006857757,
    "AAS": -0.7440055006857753,
    "Invasion": 0.6159944993142243,
    "skirmish": 0.2459944993142245
  },
  "Anvil": {
    "RAAS": 2.325994499314227,
    "skirmish": 0.2459944993142245,
    "Invasion": 0.25599449931422447,
    "AAS": 3.115994499314227
  },
  "Mutaha": {
    "RAAS": 8.82197941392387,
    "AAS": 5.89197941392387,
    "TC": 2.051979413923874,
    "Invasion": 2.9919794139238736,
    "skirmish": 1.8619794139238706
  },
  "Kamdesh": {
    "RAAS": 0.033204716759704905,
    "Invasion": 0.623204716759705,
    "AAS": -0.7067952832402953,
    "skirmish": 0.05320471675970484,
    "Insurgency": -0.1767952832402949,
    "TC": -0.7267952832402949
  },
  "AlBasrah": {
    "Insurgency": 2.702436098393333,
    "AAS": 3.9524360983933415,
    "Invasion": 0.6824360983933322,
    "Seed": 0.6024360983933323,
    "skirmish": 0.6024360983933323,
    "TA": 0.6024360983933323,
    "RAAS": -0.03756390160666709
  },
  "Kohat": {
    "RAAS": 2.4359944993142246,
    "Insurgency": -0.6640055006857755,
    "AAS": 1.115994499314224,
    "skirmish": 0.2459944993142245,
    "Invasion": -0.25400550068577554
  },
  "Skorpo": {
    "RAAS": 4.071979413923877,
    "skirmish": 1.8619794139238706,
    "TC": 1.7619794139238851,
    "Invasion": 1.381979413923879,
    "AAS": 8.161979413923888
  },
  "GooseBay": {
    "RAAS": 1.0059944993142242,
    "Invasion": 0.3359944993142274,
    "AAS": 1.3559944993142252,
    "skirmish": 0.2459944993142245
  },
  "Manic": {
    "RAAS": 1.9024360983933375,
    "AAS": 1.1724360983933328,
    "Invasion": 2.122436098393332,
    "skirmish": 0.6024360983933323,
    "TC": 0.47243609839333267
  },
  "LashkarValley": {
    "RAAS": -0.4967952832402951,
    "Invasion": -0.1467952832402953,
    "skirmish": 0.05320471675970484,
    "TC": -0.0367952832402951,
    "AAS": -0.026795283240295092,
    "Insurgency": -0.41679528324029513
  },
  "Gorodok": {
    "RAAS": -0.06263291342833852,
    "AAS": 2.2573670865716653,
    "Insurgency": 1.6873670865716668,
    "Invasion": 2.7573670865716675,
    "skirmish": 1.1373670865716627,
    "Destruction": 2.4173670865716774
  },
  "BlackCoast": {
    "RAAS": 5.141979413923881,
    "Invasion": 2.851979413923895,
    "AAS": 5.861979413923873,
    "Seed": 1.8619794139238706,
    "skirmish": 1.8619794139238706
  },
  "Tallil": {
    "RAAS": 0.023204716759704896,
    "Invasion": 1.053204716759705,
    "Seed": 0.05320471675970484,
    "skirmish": 0.05320471675970484,
    "TA": 0.05320471675970484,
    "TC": -0.6867952832402949,
    "tanks": 0.05320471675970484,
    "AAS": -0.5067952832402949
  },
  "Yehorivka": {
    "RAAS": 4.547367086571665,
    "AAS": 3.3373670865716623,
    "TC": 3.80736708657167,
    "Destruction": 0.3173670865716629,
    "Invasion": 2.5973670865716665,
    "skirmish": 1.1373670865716627,
    "TA": 1.1373670865716627
  }
}