{
  "Sumari": 0.5201349091248249,
  "Logar": 0,
  "Kokan": 0,
  "Chora": 0,
  "Mestia": 0,
  "FoolsRoad": 0.05887411453260247,
  "Narva": 0.017915532160772935,
  "Fallujah": 0,
  "Belaya": 0,
  "Anvil": 0,
  "Mutaha": 0,
  "Kamdesh": 0,
  "AlBasrah": 0,
  "Kohat": 0,
  "Skorpo": 0,
  "GooseBay": 0,
  "Manic": 0,
  "LashkarValley": 0,
  "Gorodok": 0.3875577888383131,
  "BlackCoast": 0,
  "Tallil": 0,
  "Yehorivka": 0.015517655343486713
}