{
  "Sumari": 0.049617314922553064,
  "Logar": 0,
  "Kokan": 0.07194682569781867,
  "Chora": 0.0410511838208339,
  "Mestia": 0.052013532999326574,
  "FoolsRoad": 0.0534125216750268,
  "Narva": 0.017449007589527228,
  "Fallujah": 0.043280049143939105,
  "Belaya": 0.03172409330006767,
  "Anvil": 0.03375609275192332,
  "Mutaha": 0.007266086544602753,
  "Kamdesh": 0.0066695927136480055,
  "AlBasrah": 0.07368776840586247,
  "Kohat": 0.02568105701265629,
  "Skorpo": 0.05276595687856704,
  "GooseBay": 0.05989996778013179,
  "Manic": 0.045079525957310476,
  "LashkarValley": 0.07397199618993192,
  "Gorodok": 0.07745208796164622,
  "BlackCoast": 0.07475806489821084,
  "Tallil": 0.036960390043410375,
  "Yehorivka": 0.07155688371300545
}