{
  "Sumari": 0.03343240011339936,
  "Logar": 0.014253765484732634,
  "Kokan": 0.0182871644515277,
  "Chora": 0.04615759817258728,
  "Mestia": 0.06553178403026093,
  "FoolsRoad": 0.018289715830422427,
  "Narva": 0.07816502711326895,
  "Fallujah": 0.03517812252444282,
  "Belaya": 0.008351003332395525,
  "Anvil": 0.07718358100569571,
  "Mutaha": 0.07203554331595156,
  "Kamdesh": 0.04683125167768408,
  "AlBasrah": 0.01893369331275957,
  "Kohat": 0.08754078306987204,
  "Skorpo": 0.047107466221538184,
  "GooseBay": 0.07238797035077552,
  "Manic": 0.06082213927998946,
  "LashkarValley": 0.0219454485448975,
  "Gorodok": 0.01346636923690419,
  "BlackCoast": 0.040540986186817264,
  "Tallil": 0.05025261958202942,
  "Yehorivka": 0.07330556716204786
}