{
  "Sumari": 0.07241252229152156,
  "Logar": 0.06107992897248076,
  "Kokan": 0,
  "Chora": 0,
  "Mestia": 0.016953082294029146,
  "FoolsRoad": 0,
  "Narva": 0.11530666527193377,
  "Fallujah": 0,
  "Belaya": 0,
  "Anvil": 0,
  "Mutaha": 0.13137313175729665,
  "Kamdesh": 0.02305570183028508,
  "AlBasrah": 0,
  "Kohat": 0,
  "Skorpo": 0.16255723086243243,
  "GooseBay": 0,
  "Manic": 0.11622671172540508,
  "LashkarValley": 0.11373400530593993,
  "Gorodok": 0,
  "BlackCoast": 0,
  "Tallil": 0.01779797791489087,
  "Yehorivka": 0.16950304177378472
}