{
  "Sumari": 0.08073293191002179,
  "Logar": 0.012576597629045262,
  "Kokan": 0.1880054701356984,
  "Chora": 0.10922307105190747,
  "Mestia": 0,
  "FoolsRoad": 0,
  "Narva": 0,
  "Fallujah": 0.08061438557560437,
  "Belaya": 0,
  "Anvil": 0,
  "Mutaha": 0,
  "Kamdesh": 0.08745194436639067,
  "AlBasrah": 0.14104379868504477,
  "Kohat": 0.0374875745583149,
  "Skorpo": 0,
  "GooseBay": 0,
  "Manic": 0,
  "LashkarValley": 0.0793272288238862,
  "Gorodok": 0.18353699726408612,
  "BlackCoast": 0,
  "Tallil": 0,
  "Yehorivka": 0
}