{
  "Sumari": 0.027186633610589466,
  "Logar": 0.03518346175342573,
  "Kokan": 0.0392641476974823,
  "Chora": 0.10529005266932395,
  "Mestia": 0.01056825531008537,
  "FoolsRoad": 0.01998535236288962,
  "Narva": 0.02485445228786961,
  "Fallujah": 0.028231601735641314,
  "Belaya": 0.005195345868653338,
  "Anvil": 0.11011737806467416,
  "Mutaha": 0.011578388579880642,
  "Kamdesh": 0.015524946140671481,
  "AlBasrah": 0.07775454415222337,
  "Kohat": 0.05579969008731215,
  "Skorpo": 0.07976037883984685,
  "GooseBay": 0.07970672671675567,
  "Manic": 0.06407648221984368,
  "LashkarValley": 0.05080648676418427,
  "Gorodok": 0.004937787907809767,
  "BlackCoast": 0.11314262645695024,
  "Tallil": 0.01586234534370033,
  "Yehorivka": 0.02517291543018668
}